Temperature,Humidity,Light,CO2,Occupancy
23.7,26.272,585.2,749.2,1
23.718,26.29,578.4,760.4,1
23.73,26.23,572.6666667,769.6666667,1
23.7225,26.125,493.75,774.75,1
23.754,26.2,488.6,779,1
23.76,26.26,568.6666667,790,1
23.73,26.29,536.3333333,798,1
23.754,26.29,509,797,1
23.754,26.35,476,803.2,1
23.736,26.39,510,809,1
23.745,26.445,481.5,815.25,1
23.7,26.56,481.8,824,1
23.7,26.6,475.25,832,1
23.7,26.7,469,845.3333333,1
23.7,26.774,464,852.4,1
23.7,26.89,464,861,1
23.7,26.9725,455,880,1
23.6,26.89,454,891,1
23.64,26.976,458,897.6,1
23.65,27.05,464,900.5,1
23.64,27.1,473,908.8,1
23.6,27.16,464,918,1
23.6,27.236,498.4,925.2,1
23.6,27.29,530.2,929.4,1
23.6,27.33,533.6,936.4,1
23.6,27.34,524.25,950,1
23.625,27.3925,498.6666667,961,1
23.6,27.39,516.3333333,963,1
23.6,27.412,501.2,958.6,1
23.6,27.5,522,965.3333333,1
23.6,27.525,520.5,979.25,1
23.6,27.6,505.2857143,978.4285714,1
23.6,27.6,488.3333333,983,1
23.6,27.54,512,992.6,1
23.6,27.6,511,997.2,1
23.61666667,27.63333333,501.5,999.5,1
23.66666667,27.7,503.6666667,1001,1
23.6,27.7,483.1666667,1009.5,1
23.6,27.7225,483.5,1019,1
23.6,27.79,473,1021,1
23.6,27.85666667,470.3333333,1024.666667,1
23.6,27.80428571,480.1428571,1030.428571,1
23.575,27.79,464,1026.25,1
23.54,27.81,474.4,1028,1
23.6,27.978,470,1034.8,1
23.525,28,454,1055.5,1
23.5,27.978,454,1055.25,1
23.5,28,454,1050,1
23.5,28,454,1051.25,1
23.5,28,445,1053.6,1
23.5,28,439,1055.5,1
23.5,28.025,444.25,1055,1
23.445,28.125,454.75,1059.5,1
23.39,28.18,455.8,1060,1
23.39,28.2,451.6,1073.6,1
23.39,28.2,451.6,1078.6,1
23.39,28.2,454.75,1081,1
23.39,28.2225,454.75,1082,1
23.39,28.37333333,457.5,1088.833333,1
23.37,28.39,464,1090.6,1
23.39,28.32333333,464,1086,1
23.37333333,28.445,464,1092.5,1
23.39,28.5,471.5,1103.75,1
23.32333333,28.5,475.6666667,1104.5,1
23.365,28.5,471.5,1103.5,1
23.29,28.5,467.75,1112,1
23.30666667,28.53333333,466.5,1105.666667,1
23.29,28.7,464,1104,1
23.29,28.7,467,1117.2,1
23.29,28.675,467.75,1121.25,1
23.29,28.61666667,466.5,1115.666667,1
23.29,28.66,459,1120,1
23.29,28.55,464,1123.75,1
23.29,28.6,470,1116,1
23.272,28.6,464,1126.8,1
23.2,28.4175,464,1112.75,1
23.23,28.5,449,1104.5,1
23.29,28.5,464,1108,1
23.215,28.63333333,462.3333333,1127.833333,1
23.2,28.6,469,1128.75,1
23.2,28.65,469,1124.25,1
23.2,28.62,469,1130.4,1
23.2,28.7,464,1138,1
23.2,28.7,456.5,1144,1
23.2,28.718,457,1140,1
23.2,28.79,450.25,1139.25,1
23.2,28.79,446,1167.333333,1
23.14,28.79,451.6,1159.6,1
23.15,28.89,454.75,1157.75,1
23.15,28.89,448,1159.5,1
23.18,28.83,444,1156.4,1
23.11666667,28.945,444,1160,1
23.14,28.956,444,1169.8,1
23.1,29,444,1176.166667,1
23.1,29.075,444,1175.25,1
23.1,28.918,444,1166.6,1
23.1,27.925,444,1140.25,1
23.06,27.772,444,1089.2,1
23.02,27.556,435,1042.6,1
23.01,27.81883333,432,1051.1,1
23,28.08166667,429,1059.6,1
23,27.956,429,1064.6,1
22.98166667,27.90833333,429,1061.666667,1
23,27.92666667,429,1058.333333,1
23,28.018,429,1061.6,1
22.98166667,28.06666667,429,1070.333333,1
22.945,28.1,429,1074,1
23,28.1,429,1086.25,1
22.956,28.2,429,1089.6,1
22.9725,28.1,429,1085,1
22.945,28.13333333,429,1085,1
23,28.2,429,1088,1
22.945,28.2,429,1091.75,1
23,28.13333333,429,1091.333333,1
22.912,28.1,429,1088.2,1
22.89,28.1,429,1087.5,1
22.89,27.956,432,1079.2,1
22.865,27.84,432.75,1077.25,1
22.87333333,27.68333333,439,1064.166667,1
22.87333333,27.6,429,1056.4,1
22.89,27.6,432.75,1043.6,1
22.815,27.445,432.75,1039.5,1
22.84,27.37333333,436.5,1028.666667,1
22.79,27.365,438,1020.4,1
22.79,27.2,444,1018,1
22.79,27.17142857,435.4285714,1015.142857,1
22.79,27.06666667,434,1006.333333,1
22.79,27.02,432,1002.6,1
22.772,26.934,438,993.2,1
22.76,26.82333333,439,983.3333333,1
22.7,26.754,432,976.2,1
22.7225,26.7,432.75,980.75,1
22.7,26.68333333,434,971.3333333,1
22.7,26.53333333,444,966.6666667,1
22.7,26.46333333,444,963,1
22.7,26.445,441.5,952.3333333,1
22.7,26.34,444,948,1
22.7,26.26,444,945,1
22.7,26.2,441,941.6,1
22.7,26.16,438,929.8,1
22.7,26.02,441,923.8,1
22.7,26.1,440.25,919,1
22.7,26,439,918.25,1
22.7,25.934,438,919.4,1
22.7,25.92666667,439,927.3333333,1
22.7,25.815,432.75,920.25,1
22.68,25.772,432,902.4,1
22.64,25.696,429,904.4,1
22.6,25.575,429,897,1
22.66666667,25.6,429,892,1
22.6,25.525,433.5,882.5,1
22.62,25.476,436.2,887.2,1
22.625,25.55,442.5,889.25,1
22.6,25.39,443.4,889.2,1
22.65,25.42,438,880.75,1
22.6,25.2675,442.5,868.75,1
22.6,25.218,439.8,861,1
22.6,25.2,439.8,860.6,1
22.6,25.2,435.5,864,1
22.6,25.15,430.75,859,1
22.6,25.14,440.6,854.4,1
22.6,25.15,428.2,847.4,1
22.6,25.04,432.2,837.2,1
22.6,25.05,431.75,834.75,1
22.6,25.06,429.2,832.4,1
22.6,25,433,832,1
22.6,25,433,836.25,1
22.6,25,428.2,832.6,1
22.6,25.025,428.25,821.5,1
22.6,25.1,425.4,832.4,1
22.6,25.08,429.2,832.4,1
22.56,25.02,433,830.75,1
22.58,25.08,433,821.5,1
22.575,25.075,433,818.25,1
22.56,24.912,433,819.8,1
22.55,25.2,433,822.5,1
22.6,24.9175,433,818,1
22.58,25.06,433,812.8,1
22.56666667,24.90833333,433,816.5,1
22.525,24.945,433,822.25,1
22.54,24.89,433,825,1
22.5,24.865,433,816.5,1
22.5,24.9175,433,811.5,1
22.5,24.91166667,433,811,1
22.56,24.81,433,812.2,1
22.525,24.89,426,814.25,1
22.52,24.976,430.2,824,1
22.575,25.075,433,834.5,1
22.6,25,433,837,1
22.6,25.02142857,433,841.1666667,1
22.6,25.04285714,433,845.3333333,1
22.6,25.1,433,854.75,1
22.6,25.1,428.3333333,850.3333333,1
22.6,25.08,424.6,845.4,1
22.6,25.16666667,433,854.3333333,1
22.6,25.06666667,428.3333333,849.3333333,0
22.6,25.2,422.5,853,0
22.6,25.2,423.6666667,853,0
22.54,25.16,424.6,852,0
22.54,25.16,427.4,853.6,0
22.54,25.14,421.8,845.6,0
22.525,25.1,426,834.25,0
22.5,25.04,421.8,826.4,0
22.5,25,419,819.6,0
22.5,25,419,829.6,0
22.5,25,419,824,0
22.5,24.912,419,814.2,0
22.5,24.89,419,813.5,0
22.5,24.89,419,813.8,0
22.5,24.89,419,811,0
22.478,24.87,419,804.6,0
22.456,24.83,419,807.8,0
22.5,24.85666667,419,802.3333333,0
22.4175,24.7475,419,796.75,0
22.456,24.81,419,794.4,0
22.39,24.7,419,790.6,0
22.4175,24.7225,419,789.75,0
22.39,24.7,419,782.2,0
22.39,24.7225,419,772.25,1
22.39,24.71708333,419,772.925,1
22.39,24.71166667,419,773.6,1
22.39,24.625,419,773.75,1
22.39,24.754,416.2,771.8,1
22.39,24.912,418.6,782.8,1
22.39,25.245,415,796.5,1
22.39,25.0925,310.25,809,1
22.39,25,0,805.5,0
22.35,24.978,0,791.4,0
22.32333333,25,0,779.3333333,0
22.365,24.9725,0,780.75,0
22.315,24.89,0,781.75,0
22.29,24.9175,0,781,0
22.29,24.912,0,778.4,0
22.26,24.85666667,0,769.3333333,0
22.254,24.85,0,766.5,0
22.23,24.79333333,0,763.25,0
22.26,24.82333333,0,762.3333333,0
22.2,24.79,0,761.5,0
22.2,24.79,0,761,0
22.2,24.736,0,757,0
22.2,24.79,0,752.3333333,0
22.13333333,24.7,0,748.6666667,0
22.1,24.7,0,746.25,0
22.15,24.7225,0,745.25,0
22.1,24.7,0,740.6666667,0
22.1,24.7,0,738,0
22.13333333,24.7,0,732.6666667,0
22.1,24.7,0,727,0
22.1,24.675,0,716,0
22.06666667,24.66666667,0,723.25,0
22.06666667,24.66666667,0,718.3333333,0
22,24.58,0,716.6,0
21.978,24.6,0,714,0
21.978,24.56,0,714.2,0
21.945,24.6,0,715,0
21.92666667,24.5,0,706.6666667,0
21.89,24.5,0,706,0
21.89,24.525,0,698.75,0
21.89,24.5,0,692.5,0
21.89,24.5,0,694.75,0
21.815,24.4175,0,697.25,0
21.82333333,24.46333333,0,692,0
21.79,24.39,0,691,0
21.79,24.39,0,689.75,0
21.79,24.39,0,689,0
21.7675,24.39,0,687,0
21.7675,24.365,0,679.75,0
21.754,24.35,0,668.4,0
21.7,24.29,0,665.6666667,0
21.7,24.29,0,664.75,0
21.7,24.29,0,668,0
21.7,24.29,0,661.25,0
21.64,24.236,0,658.2,0
21.6,24.2,0,656,0
21.6,24.2,0,654.8,0
21.6,24.2225,0,653.75,0
21.5,24.26,0,650.3333333,0
21.5,24.2,0,650.75,0
21.55,24.2,0,648.25,0
21.5,24.2,0,640.3333333,0
21.5,24.2,0,638,0
21.5,24.2,0,636.25,0
21.5,24.2,0,636.3333333,0
21.5,24.15,0,635.75,0
21.5,24.175,0,635.5,0
21.5,24.125,0,627.5,0
21.5,24.15,0,626.25,0
21.5,24.125,0,621.5,0
21.5,24.1,0,621.75,0
21.5,24.1,0,620.6666667,0
21.5,24.1,0,617,0
21.5,24.1,0,612.75,0
21.4725,24.075,0,614.5,0
21.39,24,0,617.3333333,0
21.42666667,23.92666667,0,614.25,0
21.39,23.9725,0,610.75,0
21.39,23.9175,0,603,0
21.39,23.945,0,603.5,0
21.365,23.89,0,602,0
21.32333333,24,0,605.6666667,0
21.34,23.9725,0,604.5,0
21.315,23.9725,0,599,0
21.35666667,24,0,600,0
21.39,23.9725,0,596.5,0
21.315,23.89,0,597.5,0
21.29,23.945,0,594,0
21.29,23.9725,0,590.5,0
21.29,23.89,0,586.6666667,0
21.29,23.92666667,0,588,0
21.29,23.89,0,585.5,0
21.29,23.89,0,584.5,0
21.254,23.85,0,587.2,0
21.23,23.82333333,0,585,0
21.218,23.81,0,579.4,0
21.2,23.79,0,579.3333333,0
21.2,23.79,0,581.6,0
21.2,23.79,0,581.6666667,0
21.2,23.79,0,577.5,0
21.2,23.79,0,577.3333333,0
21.2,23.7675,0,574.25,0
21.2,23.745,0,569,0
21.2,23.76,0,565.3333333,0
21.2,23.7,0,561.4,0
21.2,23.79,0,567.3333333,0
21.175,23.7,0,565.3333333,0
21.16666667,23.7,0,563.5,0
21.125,23.675,0,559,0
21.1,23.65,0,559.5,0
21.125,23.65,0,550.5,0
21.1,23.6,0,553,0
21.13333333,23.6,0,552,0
21.1,23.6,0,553.25,0
21.1,23.6,0,545.75,0
21.1,23.6,0,548,0
21.1,23.6,0,547,0
21.1,23.575,0,545.75,0
21.1,23.53333333,0,544,0
21.1,23.4725,0,545.5,0
21.1,23.4725,0,547,0
21.1,23.5,0,545.25,0
21.1,23.5,0,541.25,0
21.125,23.5,0,540.75,0
21.1,23.5,0,533.3333333,0
21.13333333,23.5,0,528,0
21.1,23.3925,0,537.75,0
21.1,23.4725,0,539.5,0
21.1,23.5,0,535.25,0
21.1,23.5,0,537.25,0
21.1,23.5,0,535.25,0
21.1,23.5,0,533.4,0
21.1,23.5,0,524.5,0
21.1,23.434,0,524.8,0
21.1,23.39,0,522.6666667,0
21.1,23.39,0,521,0
21.125,23.39,0,519.75,0
21.1,23.39,0,523,0
21.1,23.39,0,523,0
21.1,23.39,0,519,0
21.1,23.365,0,519.5,0
21.1,23.39,0,519.75,0
21.1,23.365,0,520,0
21.1,23.33,0,524.6,0
21.075,23.315,0,520.25,0
21.075,23.34,0,519,0
21.1,23.29,0,523.2,0
21.03333333,23.29,0,517.6666667,0
21.02,23.29,0,514.2,0
21.025,23.29,0,516.5,0
21,23.29,0,521,0
21,23.29,0,520,0
21,23.254,0,517.8,0
21,23.26,0,514.3333333,0
21,23.2675,0,516.75,0
21,23.29,0,520.75,0
21,23.29,0,519.3333333,0
21,23.29,0,519,0
21,23.29,0,509.75,0
21,23.29,0,508.5,0
20.9725,23.29,0,504.5,0
21,23.29,0,506.5,0
20.9725,23.29,0,509,0
20.96333333,23.29,0,507.25,0
21,23.29,0,509.3333333,0
20.89,23.2,0,509.6666667,0
20.89,23.245,0,508.25,0
20.89,23.2225,0,510.25,0
20.89,23.254,0,504,0
20.89,23.26,0,499.3333333,0
20.89,23.2225,0,495,0
20.89,23.2,0,496.25,0
20.89,23.2,0,494.75,0
20.89,23.2,0,492.5,0
20.89,23.2,0,494.25,0
20.89,23.2,0,492.3333333,0
20.89,23.125,0,493.75,0
20.89,23.125,0,484.75,0
20.89,23.1,0,489.25,0
20.89,23.1,0,494.5,0
20.89,23.1,0,495.6666667,0
20.89,23.1,0,501.5,0
20.89,23.1,0,499.6666667,0
20.89,23.1,0,492.5,0
20.89,23.1,0,494.25,0
20.89,23.1,0,494,0
20.9725,23.1,0,489.25,0
20.9175,23.1,0,490,0
20.89,23.1,0,495.5,0
20.89,23.05,0,498,0
20.89,23.05,0,495,0
20.912,23,0,490.2,0
20.92666667,23,0,492.3333333,0
20.89,23,0,491.6666667,0
20.89,22.956,0,488,0
20.934,22.934,0,488,0
20.89,23,0,485,0
20.89,23,0,490,0
20.9175,22.9725,0,489.5,0
20.89,22.945,0,485.25,0
20.89,22.89,0,485.6666667,0
20.9175,22.945,0,485,0
20.89,22.956,0,485.2,0
20.945,22.89,0,484,0
20.89,22.9175,0,483,0
20.89,22.89,0,481,0
20.89,22.89,0,476.5,0
20.89,22.89,0,475,0
20.89,22.89,0,476,0
20.89,22.89,0,478.5,0
20.89,22.89,0,481,0
20.89,22.89,0,483,0
20.85666667,22.85666667,0,480.25,0
20.89,22.89,0,480.25,0
20.89,22.865,0,470.75,0
20.89,22.89,0,474.75,0
20.89,22.865,0,482.25,0
20.89,22.89,0,480.3333333,0
20.89,22.89,0,480,0
20.89,22.84,0,481.5,0
20.89,22.84,0,483.5,0
20.89,22.79,0,475.6,0
20.89,22.76,0,475.3333333,0
20.89,22.815,0,477.6666667,0
20.89,22.79,0,475.75,0
20.89,22.79,0,479.1666667,0
20.865,22.7675,0,475,0
20.865,22.7675,0,474,0
20.89,22.79,0,477.3333333,0
20.89,22.79,0,473,0
20.89,22.7675,0,470,0
20.865,22.675,0,468.75,0
20.87,22.718,0,471.4,0
20.89,22.7,0,471,0
20.89,22.7,0,468,0
20.85,22.678,0,468.6,0
20.81,22.62,0,467.4,0
20.79,22.6,0,469,0
20.79,22.65,0,471.25,0
20.82333333,22.73,0,470.6666667,0
20.79,22.6,0,466.75,0
20.79,22.64,0,466.8,0
20.79,22.7,0,468.75,0
20.79,22.65,0,467.5,0
20.79,22.63333333,0,469.6666667,0
20.79,22.7,0,469.75,0
20.79,22.6,0,469.75,0
20.79,22.6,0,467.25,0
20.772,22.6,0,461.4,0
20.79,22.6,0,469.25,0
20.79,22.625,0,468,0
20.73,22.6,0,469,0
20.79,22.6,0,467.25,0
20.79,22.6,0,467.4,0
20.79,22.6,0,467.6666667,0
20.745,22.6,0,471.5,0
20.76,22.6,0,471.6666667,0
20.7225,22.6,0,464.75,0
20.7225,22.6,0,461.75,0
20.7225,22.6,0,458.5,0
20.745,22.55,0,459.5,0
20.7225,22.55,0,460.5,0
20.76,22.56666667,0,465.3333333,0
20.7225,22.5,0,465,0
20.7225,22.5,0,459,0
20.7675,22.5,0,463,0
20.745,22.5,0,460.75,0
20.7,22.5,0,461.5,0
20.7,22.5,0,466,0
20.7675,22.5,0,460.25,0
20.718,22.52,0,457.4,0
20.7,22.5,0,464.6,0
20.73,22.5,0,464.3333333,0
20.7,22.5,0,459.3333333,0
20.7,22.5,0,459.75,0
20.7225,22.5,0,459.25,0
20.7,22.5,0,463,0
20.7225,22.445,0,461.5,0
20.7,22.5,0,454.5,0
20.7,22.5,0,458.3333333,0
20.718,22.5,0,463,0
20.7,22.5,0,463.75,0
20.7,22.456,0,460.6,0
20.7,22.5,0,455.25,0
20.7,22.5,0,455.6666667,0
20.7,22.5,0,456.25,0
20.7,22.42666667,0,459.6666667,0
20.7,22.5,0,462,0
20.7225,22.4725,0,460.25,0
20.718,22.434,0,462,0
20.73,22.39,0,461,0
20.7,22.39,0,461.6666667,0
20.745,22.39,0,460.25,0
20.7225,22.365,0,456.25,0
20.745,22.39,0,457.5,0
20.772,22.37,0,455.8,0
20.76,22.39,0,455,0
20.7675,22.365,0,451.25,0
20.745,22.39,0,453.75,0
20.736,22.39,0,456.2,0
20.73,22.35666667,0,453.6666667,0
20.7,22.34,0,452.75,0
20.76,22.35666667,0,454,0
20.745,22.39,0,452.5,0
20.73,22.39,0,456,0
20.745,22.34,0,451.5,0
20.7,22.37,0,449.8,0
20.7,22.365,0,449.25,0
20.7,22.365,0,452.25,0
20.7225,22.34,0,451.25,0
20.7,22.34,0,453,0
20.7,22.39,0,453.25,0
20.7,22.315,0,456.6666667,0
20.7,22.29,0,455.75,0
20.7,22.365,0,458,0
20.7,22.34,0,458.75,0
20.7,22.29,0,455.5,0
20.7,22.29,0,455,0
20.7,22.29,0,453.3333333,0
20.7,22.33,0,454.6,0
20.7,22.29,0,457.5,0
20.7,22.29,0,449.6666667,0
20.7,22.29,0,452,0
20.7,22.29,0,453.5,0
20.7,22.29,0,452,0
20.7,22.29,0,450.6,0
20.7,22.29,0,450.6666667,0
20.7,22.29,0,451,0
20.7,22.29,0,454.5,0
20.7,22.29,0,457.25,0
20.7,22.315,0,456,0
20.675,22.29,0,456.5,0
20.675,22.29,0,453.5,0
20.7,22.29,0,454.25,0
20.675,22.22,0,454,0
20.675,22.2675,0,451,0
20.66666667,22.26,0,450.25,0
20.625,22.2225,0,449.75,0
20.675,22.2675,0,452,0
20.65,22.245,0,452.5,0
20.64,22.236,0,454,0
20.63333333,22.26,0,453,0
20.7,22.29,0,454,0
20.675,22.2675,0,450,0
20.625,22.245,0,451.75,0
20.675,22.2675,0,450.25,0
20.625,22.2225,0,445,0
20.65,22.2675,0,446.25,0
20.66666667,22.26,0,450.6666667,0
20.64,22.236,0,453.6,0
20.63333333,22.23,0,450.3333333,0
20.65,22.245,0,445.5,0
20.65,22.245,0,443,0
20.65,22.245,0,449.25,0
20.63333333,22.23,0,454.6666667,0
20.65,22.245,0,449,0
20.625,22.2225,0,448.5,0
20.6,22.2,0,449.6,0
20.6,22.2,0,454,0
20.6,22.2225,0,451.25,0
20.6,22.2,0,449.3333333,0
20.6,22.2,0,446,0
20.6,22.2225,0,445.75,0
20.6,22.2,0,451.5,0
20.6,22.2,0,455.25,0
20.6,22.2,0,455.25,0
20.63333333,22.23,0,451.6666667,0
20.6,22.2,0,451,0
20.6,22.2,0,448.75,0
20.6,22.2,0,445.75,0
20.6,22.2,0,444.75,0
20.6,22.2,0,446.3333333,0
20.6,22.2,0,450,0
20.575,22.2225,0,446.5,0
20.6,22.2225,0,446.5,0
20.575,22.2675,0,447.75,0
20.58,22.254,0,449.6,0
20.6,22.23,0,451.6666667,0
20.6,22.26,0,450,0
20.6,22.2,0,449.25,0
20.575,22.2,0,449.75,0
20.55,22.2675,0,453.75,0
20.6,22.2,0,453,0
20.6,22.2,0,450.5,0
20.56666667,22.23,0,447,0
20.575,22.2675,0,443.75,0
20.6,22.2,0,444.25,0
20.6,22.2675,0,451.5,0
20.6,22.218,0,448.4,0
20.6,22.2,0,449,0
20.6,22.26,0,449.3333333,0
20.6,22.2,0,446.25,0
20.6,22.2,0,446.6,0
20.6,22.2,0,447.6666667,0
20.6,22.2,0,447,0
20.6,22.2,0,446.75,0
20.6,22.2,0,449.3333333,0
20.58,22.2,0,451.2,0
20.6,22.2,0,454,0
20.6,22.2,0,451,0
20.6,22.2,0,450.25,0
20.6,22.2225,0,450,0
20.6,22.2225,0,449,0
20.6,22.2,0,446,0
20.58,22.218,0,443.2,0
20.56666667,22.26,0,443.3333333,0
20.6,22.2,0,448,0
20.6,22.2675,0,454,0
20.6,22.29,0,451.5,0
20.6,22.29,0,451.3333333,0
20.55,22.29,0,447,0
20.55,22.29,0,448.5,0
20.525,22.2225,0,450.5,0
20.575,22.29,0,446.5,0
20.6,22.29,0,447.3333333,0
20.575,22.29,0,453.5,0
20.56666667,22.29,0,451.3333333,0
20.58,22.254,0,449.4,0
20.53333333,22.26,0,453.6666667,0
20.575,22.2,0,448.25,0
20.575,22.29,0,452,0
20.525,22.2675,0,452.6666667,0
20.6,22.2,0,454.6666667,0
20.6,22.254,0,453.2,0
20.56,22.29,0,447.6,0
20.6,22.29,0,447.6666667,0
20.55,22.29,0,448,0
20.55,22.29,0,451,0
20.6,22.29,0,451,0
20.525,22.2675,0,451,0
20.525,22.29,0,449.75,0
20.52,22.29,0,453,0
20.5,22.2675,0,453.5,0
20.5,22.29,0,452.3333333,0
20.525,22.29,0,452,0
20.6,22.26,0,450.6666667,0
20.5,22.2,0,449.5,0
20.6,22.2225,0,449.75,0
20.56,22.2,0,449,0
20.6,22.2,0,451.3333333,0
20.56666667,22.2,0,449,0
20.56666667,22.2,0,448,0
20.575,22.2,0,443.25,0
20.55,22.245,0,446.5,0
20.6,22.245,0,448.75,0
20.6,22.2225,0,451,0
20.6,22.2,0,451.5,0
20.56666667,22.2,0,455,0
20.6,22.2,0,451.6,0
20.6,22.2,0,452.6666667,0
20.6,22.14,0,448.2,0
20.6,22.125,0,445.75,0
20.6,22.1,0,446.6666667,0
20.6,22.1,0,446.3333333,0
20.6,22.125,0,444.75,0
20.6,22.1,0,444.5,0
20.58,22.14,0,446,0
20.56666667,22.13333333,0,443.3333333,0
20.6,22.1,0,447,0
20.56666667,22.1,0,446,0
20.6,22.15,0,445.25,0
20.575,22.125,0,442,0
20.575,22.1,0,443,0
20.6,22.1,0,443,0
20.6,22.1,0,446.3333333,0
20.6,22.13333333,0,449,0
20.6,22.125,0,445.25,0
20.6,22.1,0,441.25,0
20.575,22.175,0,441.75,0
20.575,22.175,0,441.5,0
20.6,22.13333333,0,445,0
20.575,22.125,0,446,0
20.55,22.2,0,442.5,0
20.56666667,22.2,0,445,0
20.525,22.2,0,443.5,0
20.56,22.2,0,443,0
20.6,22.2,0,444.3333333,0
20.53333333,22.2,0,443.6666667,0
20.58,22.2,0,443.4,0
20.6,22.2,0,447,0
20.6,22.2,0,446.25,0
20.56,22.2,0,445.6,0
20.55,22.2,0,448.5,0
20.6,22.2,0,443.6666667,0
20.58,22.2,0,444.4,0
20.6,22.2,0,444.3333333,0
20.575,22.2,0,443.5,0
20.56666667,22.23,0,451,0
20.575,22.2675,0,444.5,0
20.6,22.2225,0,443,0
20.53333333,22.2,0,445.6666667,0
20.56,22.2,0,447.8,0
20.6,22.2,0,445,0
20.575,22.2,0,442.5,0
20.525,22.245,0,446.75,0
20.525,22.2675,0,442.75,0
20.5,22.29,0,441.3333333,0
20.525,22.29,0,443.75,0
20.5,22.29,0,441.25,0
20.5,22.29,0,440.25,0
20.5,22.29,0,441.5,0
20.5,22.29,0,439.3333333,0
20.5,22.29,0,439,0
20.5,22.29,0,445.3333333,0
20.5,22.29,0,443.5,0
20.5,22.29,0,439.8,0
20.5,22.29,0,438.25,0
20.5,22.29,0,443,0
20.5,22.29,0,440.75,0
20.5,22.29,0,438.2,0
20.5,22.29,0,441.3333333,0
20.5,22.29,0,438.25,0
20.5,22.29,0,436.5,0
20.5,22.29,0,439.3333333,0
20.5,22.29,0,439.75,0
20.5,22.29,0,439.75,0
20.5,22.29,0,441.1666667,0
20.5,22.29,0,441.6666667,0
20.5,22.29,0,438.5,0
20.5,22.29,0,439.75,0
20.5,22.29,0,438.2,0
20.5,22.29,0,438.6666667,0
20.5,22.315,0,442,0
20.5,22.39,0,447.75,0
20.5,22.35666667,0,442.3333333,0
20.5,22.365,0,442.25,0
20.5,22.39,0,445.75,0
20.5,22.365,0,441.5,0
20.5,22.39,0,437.25,0
20.5,22.39,0,439,0
20.5,22.29,0,436.5,0
20.5,22.32333333,0,432.5,0
20.5,22.315,0,427.5,0
20.5,22.315,0,437.5,0
20.5,22.35666667,0,436.6666667,0
20.5,22.39,0,435,0
20.5,22.39,0,437,0
20.5,22.39,0,438.6666667,0
20.5,22.39,0,440.5,0
20.5,22.34,0,442.75,0
20.5,22.37,0,438,0
20.5,22.39,0,436.25,0
20.46333333,22.35666667,0,441.3333333,0
20.5,22.39,0,441,0
20.5,22.315,0,437,0
20.5,22.37,0,435.2,0
20.5,22.35666667,0,433.3333333,0
20.5,22.39,0,435,0
20.5,22.34,0,433.8,0
20.5,22.39,0,435.3333333,0
20.5,22.39,0,437.25,0
20.5,22.39,0,434.4,0
20.5,22.39,0,431.75,0
20.5,22.39,0,437.3333333,0
20.5,22.39,0,439.6666667,0
20.478,22.37,0,435.6,0
20.456,22.35,0,433,0
20.478,22.392,0,432.6,0
20.5,22.39,0,435.75,0
20.42666667,22.32333333,0,436,0
20.5,22.39,0,434.5,0
20.478,22.392,0,435.4,0
20.42666667,22.32333333,0,437.3333333,0
20.4175,22.3925,0,430.75,0
20.456,22.414,0,439.2,0
20.4725,22.39,0,441.5,0
20.46333333,22.39333333,0,445.6666667,0
20.5,22.39,0,443.25,0
20.4175,22.3425,0,438.25,0
20.46333333,22.46333333,0,437,0
20.478,22.478,0,429.8,0
20.5,22.456,0,431.2,0
20.5,22.412,0,435.8,0
20.4725,22.3925,0,435.75,0
20.445,22.34,0,434.25,0
20.5,22.434,0,434.6,0
20.5,22.39,0,434,0
20.5,22.39,0,433.5,0
20.5,22.39,0,434.6666667,0
20.5,22.39,0,437.5,0
20.5,22.39,0,438.5,0
20.5,22.42666667,0,436.6666667,0
20.5,22.445,0,431.1666667,0
20.5,22.39,0,436,0
20.4725,22.3925,0,438.25,0
20.5,22.46333333,0,439,0
20.5,22.456,0,436.6,0
20.5,22.39,0,432.6666667,0
20.5,22.39,0,433.25,0
20.4725,22.39,0,433.5,0
20.4725,22.4175,0,435.75,0
20.5,22.5,0,436,0
20.5,22.478,0,430.8,0
20.434,22.412,0,435.4,0
20.4175,22.34,0,433.5,0
20.39,22.39,0,429.75,0
20.39,22.39,0,430,0
20.39,22.39,0,433,0
20.39,22.39,0,436.25,0
20.39,22.39,0,433.5,0
20.39,22.5,0,434.25,0
20.39,22.46333333,0,430.3333333,0
20.39,22.5,0,429.6,0
20.39,22.5,0,433.5,0
20.39,22.5,0,435.6,0
20.39,22.5,0,434.6666667,0
20.39,22.5,0,432.3333333,0
20.39,22.5,0,438,0
20.39,22.5,0,436.5,0
20.39,22.5,0,440.75,0
20.39,22.5,0,438,0
20.39,22.5,0,434.75,0
20.39,22.5,0,434.75,0
20.39,22.5,0,435.6666667,0
20.39,22.5,0,434,0
20.35,22.5,0,429.2,0
20.39,22.5,0,431.5,0
20.39,22.5,0,430,0
20.39,22.5,0,434,0
20.39,22.5,0,434.25,0
20.39,22.5,0,432.4,0
20.39,22.46333333,0,434.3333333,0
20.39,22.5,0,436.4,0
20.39,22.5,0,435.75,0
20.39,22.5,0,435.2,0
20.39,22.5,0,436.75,0
20.39,22.5,0,438.25,0
20.39,22.5,0,438.75,0
20.39,22.4725,0,437.5,0
20.39,22.46333333,0,439.3333333,0
20.39,22.5,0,437.5,0
20.39,22.5,0,433.6,0
20.39,22.5,0,431.3333333,0
20.39,22.5,0,434.8,0
20.39,22.46333333,0,433.3333333,0
20.39,22.4725,0,433.8,0
20.39,22.5,0,436.5,0
20.39,22.5,0,434,0
20.39,22.4725,0,433.75,0
20.39,22.445,0,435.5,0
20.39,22.42666667,0,434.3333333,0
20.39,22.5,0,431.75,0
20.39,22.5,0,431.5,0
20.39,22.5,0,432.5,0
20.39,22.456,0,435.4,0
20.39,22.5,0,436.6666667,0
20.39,22.5,0,432.6,0
20.39,22.46333333,0,433,0
20.39,22.445,0,431.5,0
20.39,22.5,0,431.8,0
20.39,22.5,0,439.6666667,0
20.39,22.5,0,436.6666667,0
20.39,22.5,0,439,0
20.39,22.5,0,436.25,0
20.39,22.5,0,435.8,0
20.39,22.42666667,0,438.3333333,0
20.39,22.4725,0,436,0
20.39,22.5,0,433.6666667,0
20.39,22.5,0,432.25,0
20.39,22.5,0,433.5,0
20.39,22.5,0,436.25,0
20.39,22.5,0,435,0
20.39,22.5,0,433.75,0
20.39,22.5,0,440.6666667,0
20.39,22.5,0,441.2,0
20.39,22.5,0,435.25,0
20.39,22.5,0,437.25,0
20.39,22.5,0,435.5,0
20.39,22.5,0,439.75,0
20.39,22.5,0,438,0
20.39,22.5,0,435.25,0
20.39,22.5,0,434.2,0
20.39,22.5,0,435,0
20.365,22.5,0,436.5,0
20.39,22.5,0,434,0
20.39,22.5,0,435.25,0
20.39,22.5,0,432.75,0
20.39,22.5,0,432,0
20.39,22.5,0,432,0
20.39,22.5,0,431.5,0
20.39,22.5,0,435,0
20.39,22.5,0,437.6666667,0
20.39,22.5,0,437.3333333,0
20.365,22.5,0,438,0
20.365,22.5,0,434.25,0
20.34,22.575,0,435.75,0
20.315,22.6,0,433.25,0
20.315,22.6,0,434.75,0
20.35666667,22.6,0,439,0
20.34,22.6,0,439.25,0
20.365,22.575,0,438.5,0
20.29,22.6,0,437.6,0
20.29,22.6,0,434.5,0
20.29,22.6,0,435.5,0
20.32333333,22.6,0,436,0
20.29,22.6,0,435.2,0
20.32333333,22.6,0,433.6666667,0
20.29,22.6,0,434.25,0
20.29,22.625,0,440.5,0
20.29,22.63333333,0,440.6666667,0
20.29,22.675,0,438,0
20.29,22.7,0,433.8,0
20.29,22.7,0,435,0
20.29,22.7,0,434.75,0
20.29,22.7,0,437.3333333,0
20.29,22.7,0,439.5,0
20.29,22.65,0,432.75,0
20.29,22.6,0,435,0
20.29,22.7,0,436.5,0
20.29,22.675,0,434.6666667,0
20.29,22.7,0,436,0
20.29,22.7,0,441.5,0
20.29,22.7,0,436,0
20.29,22.675,0,435.75,0
20.29,22.65,0,431,0
20.29,22.7,0,434,0
20.29,22.7,0,436,0
20.29,22.7,0,436.5,0
20.29,22.7,0,436.5,0
20.29,22.7,0,436.25,0
20.29,22.7,0,437.6666667,0
20.29,22.7,0,432.25,0
20.29,22.7,0,429.3333333,0
20.29,22.7,0,432.25,0
20.272,22.68,0,437,0
20.26,22.66666667,0,433.3333333,0
20.29,22.7,0,427.6,0
20.29,22.7,0,436,0
20.29,22.7,0,436.3333333,0
20.29,22.7,0,435.25,0
20.29,22.7,0,436.25,0
20.29,22.7,0,434.25,0
20.29,22.7225,0,436,0
20.2675,22.7,0,434.5,0
20.26,22.76,0,435.6666667,0
20.29,22.7,0,433,0
20.29,22.7,0,428.25,0
20.29,22.7,0,434.2,0
20.2675,22.675,0,437,0
20.2675,22.72,0,433.6666667,0
20.29,22.76,0,434,0
20.29,22.772,0,439.6,0
20.29,22.79,0,435.6666667,0
20.29,22.7675,0,431,0
20.29,22.76,0,433.3333333,0
20.29,22.7,0,434.5,0
20.29,22.7,0,435,0
20.29,22.7,0,437.75,0
20.29,22.79,0,438.3333333,0
20.29,22.7225,0,438,0
20.29,22.7,0,431.75,0
20.29,22.7675,0,432.75,0
20.29,22.7225,0,431.25,0
20.29,22.7,0,437.25,0
20.32333333,22.7,0,434.3333333,0
20.365,22.7,0,429.5,0
20.39,22.7,0,430,0
20.39,22.7,0,434,0
20.39,22.7,0,437.75,0
20.39,22.7,0,434.6666667,0
20.39,22.7,0,431.75,0
20.39,22.65,0,437.5,0
20.39,22.68,0,433.8,0
20.39,22.7,0,435.8,0
20.39,22.7,0,437.6666667,0
20.39,22.7,0,434.25,0
20.39,22.675,0,433,0
20.39,22.7,0,436.25,0
20.37,22.7,0,436.8,0
20.32333333,22.7,0,438,0
20.29,22.7225,0,438.75,0
20.29,22.745,0,439.5,0
20.29,22.79,0,441.25,0
20.29,22.79,0,432,0
20.29,22.79,0,431.6666667,0
20.29,22.79,0,435,0
20.29,22.79,0,435.75,0
20.26,22.79,0,436.3333333,0
20.29,22.84,0,436,0
20.2675,22.84,0,439.25,0
20.245,22.815,0,435,0
20.236,22.83,0,431.4,0
20.29,22.89,0,435.3333333,0
20.2,22.79,0,439.6666667,0
20.218,22.81,0,431.4,0
20.245,22.84,0,431,0
20.2,22.79,0,431.75,0
20.245,22.84,0,437.75,0
20.2675,22.865,0,436.75,0
20.2,22.79,0,432,0
20.2225,22.815,0,433.25,0
20.2,22.79,0,434.5,0
20.2,22.79,0,436.5,0
20.2225,22.815,0,438.25,0
20.2,22.79,0,439,0
20.2,22.815,0,441.2,0
20.2225,22.8675,0,435.25,0
20.2,22.89,0,433.75,0
20.2,22.89,0,439.25,0
20.2,22.89,0,442,0
20.2,22.89,0,445.3333333,0
20.2,22.89,0,440.6,0
20.2,22.89,0,440.6666667,0
20.236,22.83,0,440.2,0
20.29,22.84,0,439.5,0
20.29,22.79,0,441.6666667,0
20.29,22.79,0,440.5,0
20.29,22.79,0,437,0
20.29,22.79,0,439,0
20.29,22.79,0,438.5,0
20.29,22.79,0,438.5,0
20.315,22.79,0,440.25,0
20.35666667,22.7,0,445,0
20.34,22.745,0,442.75,0
20.34,22.7225,0,439.75,0
20.315,22.7675,0,434.5,0
20.315,22.7675,0,437.5,0
20.29,22.79,0,440,0
20.29,22.79,0,438,0
20.29,22.79,217.2,441.6,1
20.29,22.85666667,413.6666667,442.6666667,1
20.29,22.956,433,445.6,1
20.29,23,419,453,0
20.315,23.1,419,459.25,0
20.29,23.2,419,470.4,0
20.31,23.2,416.2,466,0
20.31,23.2,415,470.8,1
20.33,23.2,412.2,476.6,1
20.39,23.2,412.2,473,1
20.365,23.245,413.5,473,1
20.39,23.34,403.5,479.75,1
20.39,23.434,397.4,494.2,1
20.39,23.5,399.5,498.75,1
20.39,23.66,397.4,501,1
20.39,23.7,398.3333333,507,1
20.39,23.7,399.5,518,1
20.445,23.8175,403,520,1
20.5,23.89,407.6666667,523.6666667,1
20.5,23.978,412.2,525.2,1
20.5,24.03333333,413,531.3333333,1
20.5,24.1,414,538,1
20.5,24.1,412.2,536.4,1
20.5,24.1,413,538.3333333,1
20.5,24.18,412.2,541,1
20.52,24.236,407.4,549.6,1
20.5,24.32333333,407,555.1666667,1
20.5,24.39,405,561.5,1
20.5,24.39,405,569,1
20.56,24.39,405,568.2,1
20.55,24.39,412,572,1
20.55,24.39,416.6666667,573.1666667,1
20.58,24.39,419,583,1
20.6,24.39,419,585,1
20.66666667,24.39,419,584.6666667,1
20.7,24.37,419,584.8,1
20.7,24.39,419,591.4,1
20.7,24.39,419,594.3333333,1
20.7,24.39,419,600.5,1
20.736,24.39,419,601.4,1
20.73,24.39,419,606,1
20.7,24.5,419,608.75,1
20.754,24.5,419,616.8,1
20.79,24.5,419,624.2,1
20.772,24.52,419,625.6,1
20.7675,24.6,419,628.75,1
20.754,24.66,419,635.2,1
20.772,24.7,419,640.8,1
20.79,24.7,421.8,642.4,1
20.79,24.7,422.5,643.25,1
20.79,24.736,427.4,643.6,1
20.79,24.79,433,645.25,1
20.775,24.79,433,652.6666667,1
20.79,24.79,433,658,1
20.79,24.79,433,665.5,1
20.79,24.79,433,666.3333333,1
20.79,24.79,433,666.5,1
20.79,24.79,433,668.2,1
20.79,24.79,433,668,1
20.79,24.79,433,672.6666667,1
20.79,24.79,433,672.75,1
20.79,24.79,433,679.2,1
20.815,24.815,433,683.5,1
20.79,24.79,440,688.5,1
20.84,24.84,434.5,686,1
20.79,24.79,435.5,689.75,1
20.89,24.89,443.4,700,1
20.83,24.83,439.8,697.6,1
20.87,24.87,439.8,695.8,1
20.89,24.87333333,441,697.3333333,1
20.89,24.89,442.5,701.25,1
20.87333333,24.84,441,700.6666667,1
20.87333333,24.775,441,694.8333333,1
20.89,24.84,442.5,709.75,1
20.89,24.85666667,435,715,1
20.89,24.82333333,435,715.8333333,1
20.89,24.79,429,713.8,1
20.92666667,24.79,429,709,1
20.89,24.85,429,716.2,1
20.89,24.89,429,716.1666667,1
20.89,24.945,432.75,725,1
20.89,24.9175,429,725,1
20.89,24.978,435,727.6,1
20.89,25,435,729.4,1
20.89,25,441,730.8,1
20.89,25,438,731.2,1
20.9175,25,444,736.25,1
20.978,25,441,741,1
21,24.96333333,444,742.3333333,1
21,24.912,444,742.4,1
21.025,24.89,444,746.75,1
21.075,24.89,444,745,1
21.1,24.89,444,742,1
21.1,24.89,444,740.8,1
21.13333333,24.82333333,444,747.3333333,0
21.16666667,24.85833333,444,745.5,0
21.2,25.16333333,444,752.6666667,1
21.175,25.04041667,446.6666667,751.5,1
21.15,24.9175,449.3333333,750.3333333,1
21.18333333,25.19833333,454.6666667,754.3333333,1
21.2,25.34,448,765.75,1
21.2,25.3925,454.75,782,1
21.23,25.445,453,786.6666667,1
21.254,25.578,451.6,792,1
21.2,25.76333333,453,800.3333333,1
21.2,25.89,454.75,804.3333333,1
21.2,26.05,449.5,815.2,1
21.2,26.1,460,829.75,1
21.2,26.15714286,442,837.1666667,1
21.2,26.245,439,849,1
21.2,26.29,439,853.5,1
21.218,26.31,439,863.4,1
21.236,26.412,442,864.4,1
21.23,26.49833333,449,871.8333333,1
21.2225,26.525,454,872.25,1
21.245,26.58333333,454,876.6666667,1
21.26,26.56666667,454,890.3333333,1
21.29,26.68333333,454,895.1666667,1
21.29,26.76,454,901,1
21.29,26.79,454,910.25,1
21.315,26.7675,454,918.5,1
21.30666667,26.79,454,923.1666667,1
21.31,26.79,454,926.75,1
21.35666667,26.79,454,925.5,1
21.31,26.83,463,927.6,1
21.29,26.89,457.75,935,1
21.35,26.934,463,932,1
21.34,26.945,464,935.75,1
21.315,27,469,946.75,1
21.39,27,461,952,1
21.39,27.1,462.3333333,959.3333333,1
21.39,27.08,461,967,1
21.39,27.1,464,969,1
21.4175,27.22,464,982.5,1
21.42666667,27.23,462.3333333,983,1
21.412,27.272,453,985.4,1
21.456,27.33,453,996.2,1
21.48166667,27.35666667,449,1004.5,1
21.5,27.312,458,1004.4,1
21.5,27.315,460.25,1009.25,1
21.54,27.718,461,1019,1
21.55,27.5,464,1034.25,1
21.6,27.46333333,464,1035.333333,1
21.6,27.46333333,464,1031,1
21.6,27.4725,467.75,1028.25,1
21.6,27.456,473,1030,1
21.6,27.5,479,1032.25,1
21.6,27.6,479,1033.5,1
21.6,27.54,479,1045,1
21.6,27.525,474,1040.25,1
21.6,27.56666667,472.3333333,1044,1
21.625,27.625,477.75,1041.25,1
21.64,27.716,476,1045.8,1
21.66,27.83,479,1054.2,1
21.68333333,27.84,474,1054.8,1
21.65,27.84,474,1069.8,1
21.7,27.84,474,1073.666667,1
21.7,27.912,474,1073.4,1
21.7,28.0725,474,1076.75,1
21.7,27.9675,474,1086.75,1
21.7,27.89333333,484,1086.666667,1
21.7,27.945,479,1078.833333,1
21.7,27.912,483,1077.6,1
21.7,27.9725,489,1080.5,1
21.7,27.9175,489,1088.75,1
21.7,27.89,489,1083.666667,1
21.7,27.85666667,482,1076.166667,1
21.7,27.934,480.6,1079.4,1
21.7,28.1,495.25,1088,1
21.7,27.90833333,484.8333333,1092.5,1
21.7,27.96166667,484,1094.666667,1
21.718,27.974,484,1091.4,1
21.7,28.1,484,1101.666667,1
21.79,28.06666667,484,1111,1
21.718,28.1,484,1119.4,1
21.76,28.08333333,484,1122.5,1
21.7675,28.125,495.25,1127.5,1
21.73,28.13333333,499,1131,1
21.775,28.05,499,1127.833333,1
21.77714286,28.08571429,499,1128.857143,1
21.79,28.125,499,1123.5,1
21.79,28.158,490.6,1127.8,1
21.79,28.26,502,1148.666667,1
21.84,28.1,493,1151.5,1
21.82333333,28.13333333,493,1142.333333,1
21.87,28.252,493,1142,1
21.89,28.18333333,495.6666667,1146,1
21.89,28.254,499.4,1142.2,1
21.89,28.29,509,1159.8,1
21.89,28.31,500.6,1168,1
21.89,28.37571429,506.4285714,1181.142857,1
21.89,28.39,510,1180,1
21.89,28.37571429,503,1183.714286,1
21.89,28.30666667,503,1189.666667,1
21.89,28.315,503,1190,1
21.89,28.31,512,1178.8,1
21.89,28.365,518,1173,1
21.912,28.37,518,1170.6,1
21.89,28.39,518,1178.6,1
21.89,28.445,513,1193.5,1
21.89,28.445,513,1201.5,1
21.89,28.5,511.3333333,1189.666667,1
21.89,28.33,518.2,1190.4,1
21.90833333,28.30833333,513,1172.666667,1
21.945,28.29,513,1177.75,1
21.934,28.29,519,1184.8,1
22,28.29,528,1188.25,1
21.98166667,28.29,528,1189.5,1
21.945,28.29,528,1191.5,1
21.978,28.29,532.8,1193,1
22,28.29,534.25,1190,1
22,28.29,528,1198.5,1
22,28.2,523,1198,1
22,28.218,526,1194.2,1
22,28.2225,534.25,1185,1
22,28.2675,538,1194,1
22.025,28.2575,538,1193.125,1
22.06,28.274,538,1190.4,1
22.05,28.34,532.25,1192.25,1
22.1,28.39,547.5,1200.5,1
22.08,28.37,544.2,1198.6,1
22.1,28.39,536.3333333,1197,1
22.1,28.365,535,1197.5,1
22.06,28.35,534.2,1203,1
22.1,28.39,533.6666667,1206.5,1
22.08333333,28.35833333,533.6666667,1207.166667,1
22.1,28.39,535,1213,1
22.1,28.35666667,547,1211.5,1
22.1,28.372,553.4,1208.2,1
22.1,28.2,550.5,1209.25,1
22.1,28.2,543.6666667,1201.666667,1
22.15,28.1,550.75,1189.75,1
22.1,28.2,555,1191,1
22.11666667,28.06666667,555,1192.166667,1
22.16666667,28,557.6666667,1184.333333,1
22.18,28.06,555,1176.4,1
22.13333333,28,557.6666667,1175.666667,1
22.16,27.956,556.4,1173.8,1
22.2,27.9175,555,1170.75,1
22.175,27.945,555,1170.25,1
22.18333333,27.80666667,555,1168,1
22.2,27.82333333,555,1160.833333,1
22.2,27.79,546.5,1161,1
22.2,27.79,538,1166,1
22.2,27.772,543,1164.4,1
22.2,27.7225,550.5,1157.75,1
22.2,27.772,543,1148.6,1
22.2,27.7225,547,1153.75,1
22.2,27.7,544.2,1152.4,1
22.175,27.7,543,1147.25,1
22.2,27.7,544.25,1147.5,1
22.2,27.7,548,1144,1
22.2,27.64285714,535.7142857,1137.857143,0
22.2,27.7,543,1133,1
22.2,27.6,538,1121.2,1
22.2,27.51666667,549.3333333,1110.833333,1
22.2,27.5,547,1093.25,1
22.2,27.54,538.6,1093.2,1
22.2,27.56666667,549.3333333,1102.5,1
22.2,27.52,548.6,1104.4,1
22.2,27.58,543,1101.75,1
22.2,27.6,548.5,1098.75,1
22.2,27.56,555,1092.4,1
22.2,27.5,555,1094,1
22.254,27.56,556.4,1092.4,1
22.2225,27.575,556.6666667,1081.666667,1
22.245,27.58333333,562,1077,1
22.254,27.54,555.6,1074.4,1
22.29,27.55,558,1072.25,1
22.29,27.5,563.4,1070.4,1
22.272,27.5,570,1071,1
22.29,27.48166667,565.8333333,1078.166667,1
22.29,27.5,553,1071.75,1
22.29,27.445,561.8333333,1066.833333,1
22.29,27.456,562.4,1068.4,1
22.29,27.37,560.6,1064.2,1
22.29,27.35666667,559.6666667,1060.333333,1
22.30666667,27.39,569.8333333,1061.5,1
22.33,27.37,581,1057,1
22.35,27.33,593,1057.8,1
22.39,27.29,601,1065,1
22.39,27.29,600.4,1064.2,1
22.39,27.254,616,1061.8,1
22.39,27.29,603.6,1064,0
22.39,27.2675,587.5,1065.25,0
22.39,27.2,575,1050.5,0
22.39,27.14,579.2,1045.2,1
22.434,27.04,584.8,1049.6,1
22.42666667,27.03333333,609.6666667,1041.333333,1
22.42666667,27.03333333,625.6666667,1038,1
22.42666667,26.98166667,629.6666667,1035.166667,1
22.5,27,617,1040,1
22.5,27,624.8,1036.25,1
22.5,26.96333333,641.3333333,1033.25,1
22.5,26.89,659.4,1037,1
22.58,26.81,644.6,1031.2,1
22.575,26.79,653,1033,1
22.6,26.79,659,1032.25,1
22.6,26.79,660,1030.166667,1
22.6,26.7225,668.5,1033,1
22.66666667,26.71333333,652.5,1030.333333,1
22.675,26.675,652.75,1028.5,1
22.7,26.7,654.2,1020.4,1
22.7,26.68333333,656.1666667,1023.666667,1
22.7225,26.6,650.75,1021.25,1
22.745,26.6,663.75,1014.75,1
22.745,26.55,651,1017,1
22.79,26.51666667,648.3333333,1014.166667,1
22.79,26.6,651,1022.5,1
22.79,26.525,651,1027.25,1
22.84,26.5,651,1022,1
22.87,26.456,657.8,1019,1
22.89,26.445,668,1020.75,1
22.89,26.39,668,1015.5,1
22.90833333,26.39,663.6666667,1016,1
22.956,26.39,664.6,1011,1
22.96333333,26.29,668,1018.666667,1
23,26.29,662.3333333,1006.333333,1
22.956,26.236,647.8,1008.2,1
23,26.2,651.6666667,1009.333333,1
23,26.2,651.6666667,1006.166667,1
23.02,26.16,650,1004.4,1
23.025,26.125,653.75,999.75,1
23.05,26.08333333,660,994.1666667,1
23.1,26,656,992.5,1
23.1,26,660,995.6666667,1
23.1,26,655,994,1
23.14,26,660,990.2,1
23.18,26,655,993.4,1
23.2,26,650,998.5,1
23.2,26,651.6666667,997.25,1
23.2,25.945,653.1666667,992.5,1
23.2225,25.9175,653.75,996.5,1
23.2225,25.815,659.75,993.75,1
23.26,25.85666667,338.3333333,997.3333333,0
23.29,25.97833333,197.1666667,996.5,0
23.272,25.87,184,998.6,0
23.29,25.89,173.2,993.4,0
23.2675,25.865,193,994.25,0
23.29,25.89,193,990.1666667,0
23.245,25.825,178,984,0
23.254,25.85,184,983.6,0
23.26,25.79333333,186,983.3333333,0
23.272,25.772,178,974.6,0
23.245,25.715,178,961,0
23.29,25.7225,173.5,954.25,0
23.245,25.7,174.5,951.5,0
23.215,25.68333333,169.6666667,952.5,0
23.215,25.68333333,168.5,946.3333333,0
23.2,25.6,171,942,0
23.2,25.6,176,933.2,0
23.2,25.58,176,928.8,0
23.2,25.55,177.25,924,0
23.2,25.55,171,918,0
23.2,25.5,171,912.75,0
23.2,25.5,171,907,0
23.18571429,25.52857143,268.7142857,899.2857143,0
23.2,25.7,538.75,917.25,1
23.2,25.792,627.6,919.8,0
23.2,25.65,638,938.25,0
23.2,25.53333333,634,922.1666667,0
23.2,25.5,629,899,0
23.2,25.51666667,557.6666667,895.3333333,0
23.2,25.7225,547,899.75,1
23.2,25.54,543,894.4,1
23.18333333,25.51666667,561.8333333,880.3333333,1
23.15,25.5,597.75,879.75,1
23.2,25.5,561.5,870.5,1
23.2,25.5,598.4,866.2,1
23.18,25.5,609.6,866.4,1
23.2,25.525,587,869.75,1
23.2,25.58,596.8,874.2,1
23.175,25.6,595,877.5,1
23.18333333,25.7,608.3333333,879,1
23.2,25.68,611.6,875.5,1
23.2,25.7,610.2,881.3333333,1
23.218,25.7,616.6,882.4,1
23.23,25.715,608.3333333,883,1
23.254,25.68,609,884.5,1
23.2675,25.7225,599,888.25,1
23.272,25.772,594.8,889.4,1
23.29,25.79,585.75,895,1
23.29,25.79,584.8,894.4,1
23.29,25.79,592.75,898.25,1
23.29,25.79,586.5,898,1
23.29,25.79,585,898.8,1
23.29,25.79,576.75,901,1
23.29,25.79,566,900.1428571,1
23.29,25.7675,560,898.25,1
23.29,25.754,566,895.6,1
23.29,25.79333333,569.3333333,892.3333333,1
23.29,26.16,561,911.1666667,1
23.29,25.89,561,912,1
23.29,25.89,561,913,1
23.29,26.05916667,558.3,921.4,1
23.29,26.22833333,555.6,929.8,1
23.29,26.456,558.8,951.8,1
23.29,26.575,546,956.75,1
23.29,26.62,546,968,1
23.29,26.754,542.8,966,1
23.29,26.79,544.8,971.8,1
23.29,26.87,541.4,983,1
23.33,26.956,538,993.6,1
23.29,27,538.4,999.6,1
23.35,27.08,538.4,1005.4,1
23.315,27.1,534.5,1013.75,1
23.29,27.14,538.8,1019.8,1
23.29,27.26,531,1023,1
23.29,27.40833333,526.8333333,1027.5,1
23.29,27.4175,526.75,1038.5,1
23.29,27.5,519.6666667,1049,1
23.29,27.5,505.8,1051.8,1
23.31857143,27.58571429,493,1056,1
23.29,27.65,503.5,1054.5,1
23.29,27.772,496.2,1066.6,1
23.29,27.7,513,1074,1
23.29,27.79,520.5,1068.25,1
23.33,27.874,528,1075.6,1
23.29,27.9175,516.75,1085.25,1
23.29,27.96333333,513,1096.333333,1
23.30428571,28.01428571,503.7142857,1099.142857,1
23.32333333,28.1,503,1108.833333,1
23.29,28.1,498,1117,1
23.29,28.236,481.6,1116,1
23.29,28.35,484,1120.2,1
23.29,28.39,483.4,1120.6,1
23.29,28.53333333,485,1129.333333,1
23.29,28.575,478,1132.25,1
23.29,28.6,478.75,1132.5,1
23.29,28.68333333,474,1142.833333,1
23.29,28.772,473,1152,1
23.29,28.79,474,1156.75,1
23.29,28.89,479,1159.333333,1
23.254,28.912,476,1160.8,1
23.245,28.92,467.75,1160,1
23.236,28.978,464,1167,1
23.2,29.05,464,1171,1
23.2225,29.15,464,1175.5,1
23.2,29.2,453,1181,1
23.2,29.2,464,1192,1
23.2,29.2,464,1197.75,1
23.2,29.254,461,1198.2,1
23.2,29.33,464,1196.5,1
23.2,29.35666667,464,1203.25,1
23.14,29.456,469,1209,1
23.125,29.4725,469,1212.25,1
23.1,29.5,463,1219.6,1
23.1,29.55,465.25,1218.75,1
23.1,29.6,466,1221.6,1
23.1,29.62,469,1219.8,1
23.1,29.7,466.5,1224.666667,1
23.1,29.745,469,1233.75,1
23.1,29.84,469,1235.75,1
23.1,29.84,469,1239.5,1
23.08571429,29.89,465.6666667,1245,1
23.06666667,29.85666667,464,1247.25,1
23.025,29.9175,469,1246,1
23.01666667,29.96333333,462.3333333,1245.166667,1
23,30,465,1254.6,1
23,30,461,1261.2,1
23,30,464,1261,1
23,30.01666667,462.3333333,1263.666667,1
23,30.06,461,1270.2,1
23,30.075,464,1273.25,1
23,30.12,461,1280.2,1
23,30.15,469,1284.5,1
23,30.23,462.3333333,1285.166667,1
23,30.29,462.3333333,1290.666667,1
22.96857143,30.30428571,460.4285714,1294.571429,1
22.9175,30.29,464,1294,1
22.912,30.29,461,1301,1
22.90833333,30.30666667,462.3333333,1313.166667,1
22.89,30.34,464,1312.75,1
22.945,30.39,469,1311.5,1
22.92666667,30.37333333,469,1317.6,1
22.96333333,30.39,469,1327.5,1
22.93714286,30.39142857,469,1330.285714,1
22.934,30.456,466,1330,1
22.9175,30.5,465.25,1328.75,1
22.93714286,30.40571429,456.1428571,1330,1
22.956,30.412,454,1321.8,1
22.89,30.445,454,1321.5,1
22.934,30.6,454,1331.6,1
22.90833333,30.6,454,1336.833333,1
22.89,30.68,454,1340,1
22.945,30.7,454,1350.75,1
22.89,30.675,454,1356,1
22.89,30.675,454,1351.75,1
22.89,30.745,454,1360.166667,1
22.89,30.79,454,1364.2,1
22.89,30.754,454,1363.2,1
22.89,30.79,454,1363.166667,1
22.89,30.79,454,1367,1
22.89,30.79,454,1368.5,1
22.912,30.79,454,1365.8,1
22.89,30.89,454,1361.6,1
22.89,30.865,465.25,1372,1
22.89,30.89,465.25,1385.25,1
22.89,30.89,469,1386.4,1
22.89,30.89,469,1393.166667,1
22.89,30.85,469,1393,1
22.89,30.79,460,1389,1
22.89,30.79,454,1385.2,1
22.89,30.85666667,454,1377.333333,1
22.89,30.85666667,454,1383.833333,1
22.89,30.83,442,1388.6,1
22.89,30.865,449.5,1377.5,1
22.89,30.89,451.6,1374,1
22.89,30.89,451.6,1377.6,1
22.89,30.89,456.8,1373,1
22.865,30.84,444,1372.25,1
22.89,30.89,444,1376,1
22.84,30.84,444,1361.75,1
22.79,30.81,444,1356.6,1
22.79,30.84,444,1363,1
22.79,30.83,444,1363.8,1
22.79,30.89,444,1363.5,1
22.79,30.89,444,1369.333333,1
22.79,30.9175,444,1366.25,1
22.79,30.89,444,1372.571429,1
22.79,30.89,444,1361.666667,1
22.79,30.89,444,1367.25,1
22.79,30.89,444,1359,1
22.79,30.934,444,1363.8,1
22.79,30.89,444,1353.75,1
22.79,31,444,1356.333333,1
22.79,31,444,1363.8,1
22.772,31.02,444,1364,1
22.79,31.05,444,1373.333333,1
22.7675,31.125,440.25,1374.25,1
22.79,31.08333333,444,1369,1
22.79,31.075,444.75,1360.75,1
22.79,31.11428571,441.2857143,1359.5,1
22.745,31.15,447,1366.333333,1
22.772,31.2,439.8,1377,1
22.79,31.2,441,1379.5,1
22.745,31.2,442.5,1379.25,1
22.7225,31.2,442.5,1381.5,1
22.745,31.29,438,1381,1
22.73,31.16666667,441,1374,1
22.73,31.21333333,441,1372.5,1
22.7,31.1,442.5,1369.75,1
22.7,31.12,443.4,1368.6,1
22.715,31.2,441,1368.333333,1
22.7,31.16666667,441,1365.333333,1
22.715,31.2,441,1370.5,1
22.715,31.2,441,1366.333333,1
22.7,31.2,442.5,1373.5,1
22.745,31.2225,438,1378.5,1
22.7,31.272,441,1377.166667,1
22.7,31.245,447,1401.166667,1
22.7,31.2675,442.5,1395.333333,1
22.7,31.29,447,1401,1
22.7,31.29,444,1400.5,1
22.7,31.29,447,1394,1
22.7,31.29,447,1394.6,1
22.7,31.29,447,1389.666667,1
22.7,31.29,447,1377.2,1
22.7,31.29,447,1387,1
22.7,31.37571429,439,1393.428571,1
22.7,31.39,447,1393.75,1
22.7,31.39,441.4,1392.6,1
22.7,31.37,438.6,1394.2,1
22.7,31.4175,440,1396.25,1
22.7,31.39,443.5,1390.5,1
22.7225,31.365,436.5,1397.5,1
22.7,31.4175,433,1398.25,1
22.7,31.4725,433,1402.25,1
22.7,31.37857143,433,1398,1
22.7,31.29,433,1384.25,1
22.7,31.29,433,1387.333333,1
22.7,31.29,433,1392.5,1
22.7,31.236,433,1384.8,1
22.7225,31.315,433,1388,1
22.7,31.27,433,1384.6,1
22.7,31.275,433,1373.333333,1
22.7,31.18,433,1368.8,1
22.7,31.2,433,1364,1
22.7,31.15,433,1357.5,1
22.7,31.2,433,1352,1
22.7,31.2,433,1357,1
22.7,31.1,433,1361.75,1
22.7,31.1,433,1356,1
22.7,31.1,433,1344.25,1
22.7,31.05,433,1357.75,1
22.7,31.1,433,1355.75,1
22.7,31.1,433,1354.666667,1
22.7,31.01666667,433,1343.333333,1
22.7,31.05,433,1334.166667,1
22.7225,30.9725,433,1340.25,1
22.736,30.934,433,1336.8,1
22.7675,31,433,1335.75,1
22.73,31,433,1342.333333,1
22.718,31,433,1348.8,1
22.7,31,433,1353.25,1
22.7,30.912,433,1339,1
22.7,30.945,433,1338.25,1
22.7,30.956,433,1347.6,1
22.7,30.9725,433,1338.75,1
22.7,30.89,433,1318,1
22.7,30.87333333,433,1311.166667,1
22.66,30.83,433,1306.5,1
22.68,30.87,433,1316.666667,1
22.7,30.89,433,1306.333333,1
22.7,30.79,429.5,1300.5,1
22.675,30.7225,433,1298.666667,1
22.675,30.745,424.6,1298.2,1
22.7,30.7675,426,1292.5,1
22.675,30.7225,426,1288.5,1
22.7,30.7,433,1299.666667,1
22.65,30.65,423.6666667,1285.333333,1
22.7,30.675,426,1286,1
22.6,30.58333333,419,1284.333333,1
22.6,30.575,422.5,1275.25,1
22.6,30.6,419,1273.8,1
22.6,30.6,419,1271.8,1
22.6,30.55,419,1273.333333,1
22.6,30.58,419,1261.75,1
22.6,30.56666667,419,1258.5,1
22.6,30.4725,419,1251.5,1
22.6,30.445,419,1241.333333,1
22.6,30.4725,419,1238.75,1
22.6,30.37,419,1246.8,1
22.6,30.315,419,1240.75,1
22.6,30.365,419,1240.25,1
22.6,30.275,426,1239,1
22.6,30.245,422.5,1235.25,1
22.6,30.254,424.6,1229.8,1
22.6,30.18,419,1220.6,1
22.6,30.16666667,419,1214.166667,1
22.6,30.1,419,1214,1
22.6,30.14,419,1217.8,1
22.6,30.1,419,1211.8,1
22.6,30.1,419,1217.2,1
22.6,30.1,415.5,1211.5,1
22.6,30.18166667,419,1207.333333,1
22.6,30.1,419,1204.75,1
22.6,30.1225,0,1205.25,0
22.575,30.05,0,1204.75,0
22.5,30.1,0,1196.666667,0
22.5,30.1,0,1191.5,0
22.5,30.1,0,1184,0
22.445,30.1,0,1189.25,0
22.39,30.075,0,1186.5,0
22.39,30.1,0,1180.75,0
22.39,30.05,0,1172.5,0
22.365,30.075,0,1164,0
22.35666667,30.1,0,1160.666667,0
22.29,30,0,1143.25,0
22.2675,29.945,0,1139.5,0
22.245,29.9725,0,1138.25,0
22.2,29.815,0,1135.5,0
22.2,29.84,0,1124.75,0
22.2,29.85666667,0,1119.333333,0
22.125,29.79,0,1110.25,0
22.1,29.79,0,1105.5,0
22.1,29.745,0,1096.75,0
22.1,29.7,0,1092.25,0
22.1,29.6,0,1092.5,0
22.025,29.525,0,1085.75,0
22,29.46333333,0,1074.333333,0
22,29.39,0,1066,0
22,29.39,0,1058.5,0
21.9175,29.29,0,1050.75,0
21.89,29.2675,0,1044,0
21.96333333,29.2,0,1039,0
21.89,29.2,0,1030.5,0
21.89,29.2,0,1030.8,0
21.89,29.2,0,1032.333333,0
21.89,29.16,0,1021.2,0
21.89,29.2,0,1018.666667,0
21.89,29.2,0,1008.75,0
21.79,29,0,1003.25,0
21.81,29,0,989.8,0
21.815,29,0,992,0
21.79,28.9725,0,985.75,0
21.79,28.89,0,989,0
21.7225,28.89,0,983,0
21.7,28.89,0,976.75,0
21.7,28.89,0,970.3333333,0
21.7,28.865,0,961.75,0
21.7,28.865,0,958.75,0
21.7,28.89,0,954.6666667,0
21.7,28.79,0,950.5,0
21.7,28.815,0,942.75,0
21.675,28.79,0,938.25,0
21.675,28.7675,0,941,0
21.63333333,28.73,0,944.3333333,0
21.6,28.65,0,938,0
21.6,28.675,0,934.5,0
21.6,28.63333333,0,936.6666667,0
21.6,28.6,0,926,0
21.6,28.6,0,920.75,0
21.6,28.56,0,920.2,0
21.6,28.5,0,911.3333333,0
21.6,28.5,0,905.3333333,0
21.6,28.5,0,904.2,0
21.6,28.5,0,899.6666667,0
21.6,28.478,0,898.2,0
21.6,28.4725,0,898.25,0
21.6,28.39,0,895,0
21.6,28.39,0,891.6666667,0
21.58,28.35,0,887.4,0
21.6,28.29,0,885.3333333,0
21.56,28.29,0,876.4,0
21.53333333,28.29,0,871.3333333,0
21.5,28.29,0,863.5,0
21.5,28.2675,0,865.25,0
21.5,28.23,0,859.6666667,0
21.5,28.26,0,858.6666667,0
21.5,28.2,0,852.25,0
21.5,28.175,0,849.25,0
21.5,28.1,0,849,0
21.5,28.1,0,845,0
21.5,28.1,0,844.5,0
21.5,28.05,0,843.75,0
21.5,28.075,0,842,0
21.5,28.1,0,833.2,0
21.5,28.03333333,0,832.6666667,0
21.4175,27.945,0,825.25,0
21.39,27.89,0,820.3333333,0
21.4175,27.9175,0,824.5,0
21.39,27.89,0,819.25,0
21.39,27.89,0,820.2,0
21.39,27.89,0,817.6666667,0
21.365,27.89,0,808,0
21.39,27.79,0,806.6666667,0
21.39,27.85666667,0,804.6666667,0
21.29,27.85,0,803.8,0
21.29,27.79,0,806,0
21.29,27.79,0,801.5,0
21.34,27.79,0,802,0
21.29,27.79,0,803.6666667,0
21.29,27.79,0,800,0
21.29,27.79,0,795,0
21.29,27.79,0,785,0
21.29,27.79,0,781,0
21.29,27.79,0,782,0
21.29,27.7675,0,778,0
21.29,27.79,0,772.5,0
21.245,27.745,0,770.75,0
21.218,27.718,0,769,0
21.23,27.7,0,767,0
21.2,27.7,0,764,0
21.2,27.7,0,765.25,0
21.2,27.65,0,765,0
21.2,27.6,0,766,0
21.2,27.6,0,758.5,0
21.2,27.575,0,749.75,0
21.2,27.6,0,749,0
21.2,27.54,0,747.8,0
21.2,27.5,0,744,0
21.2,27.5,0,746.4,0
21.2,27.4725,0,750.5,0
21.2,27.5,0,747,0
21.2,27.4725,0,750,0
21.2,27.365,0,742.75,0
21.2,27.34,0,737.75,0
21.2,27.34,0,736.25,0
21.2,27.29,0,738.25,0
21.2,27.29,0,732.3333333,0
21.2,27.29,0,725.4,0
21.2,27.2675,0,729.25,0
21.2,27.245,0,727,0
21.2,27.245,0,716.75,0
21.2,27.2,0,715.6666667,0
21.2,27.2,0,712.25,0
21.2,27.2,0,719,0
21.2,27.15,0,714.25,0
21.2,27.14,0,711.4,0
21.2,27.1,0,702.75,0
21.2,27.1,0,701,0
21.2,27.1,0,703.6666667,0
21.2,27.025,0,707.25,0
21.2,27,0,703.75,0
21.2,27,0,699.5,0
21.2,27,0,697.5,0
21.2,27,0,696.6666667,0
21.2,27,0,692.75,0
21.2,27,0,692.6,0
21.2,26.85666667,0,695.3333333,0
21.2,26.89,0,690.5,0
21.2,26.89,0,689.5,0
21.2,26.89,0,692.3333333,0
21.2,26.815,0,691.5,0
21.2,26.79,0,687.6,0
21.16666667,26.79,0,682.3333333,0
21.2,26.79,0,677.6666667,0
21.16,26.79,0,677.8,0
21.2,26.79,0,684.3333333,0
21.15,26.79,0,682.5,0
21.175,26.79,0,675,0
21.125,26.79,0,669.25,0
21.2,26.745,0,668.5,0
21.15,26.7,0,671.25,0
21.1,26.7,0,674.3333333,0
21.125,26.675,0,673,0
21.125,26.6,0,671.5,0
21.125,26.625,0,670.5,0
21.1,26.625,0,669.75,0
21.1,26.6,0,663.5,0
21.1,26.6,0,665,0
21.1,26.6,0,661.5,0
21.1,26.6,0,657.75,0
21.1,26.6,0,652.75,0
21.1,26.6,0,653.25,0
21.1,26.6,0,656.75,0
21.1,26.6,0,651,0
21.1,26.575,0,648.5,0
21.1,26.55,0,652.25,0
21.1,26.5,0,642.25,0
21.1,26.5,0,643.75,0
21.075,26.4725,0,649.6666667,0
21.1,26.5,0,649.5,0
21.06,26.412,0,646.6,0
21.06666667,26.46333333,0,643,0
21.08,26.478,0,640.4,0
21.075,26.39,0,640.75,0
21.075,26.4175,0,636.75,0
21.05,26.39,0,634.75,0
21.075,26.4175,0,633.75,0
21,26.29,0,632,0
21,26.29,0,626.5,0
21.03333333,26.32333333,0,628.6666667,0
21.025,26.315,0,629.5,0
21.05,26.34,0,630.5,0
21.025,26.315,0,631.5,0
21.025,26.315,0,629.5,0
21.05,26.29,0,627,0
21,26.2675,0,624.5,0
21,26.26,0,625.6666667,0
21,26.29,0,624.5,0
21,26.236,0,622,0
21,26.2675,0,622.75,0
21,26.2,0,619.25,0
21,26.2,0,616,0
21,26.2,0,617.25,0
21,26.2,0,616.4,0
21,26.16666667,0,616.6666667,0
21,26.125,0,614.75,0
21,26.125,0,611.3333333,0
21,26.1,0,613.6,0
21,26.15,0,608.75,0
21,26.1,0,611,0
21,26.1,0,612,0
21,26.1,0,608.8,0
21,26.1,0,612,0
21,26.1,0,604.5,0
21,26,0,607,0
21,26,0,614.75,0
21,26,0,612.25,0
21,26,0,607.5,0
21,26,0,602.6666667,0
21,26,0,605.25,0
21,26,0,606,0
21,26,0,602.25,0
21,25.956,0,600.5,0
21,26,0,600.5,0
21,26,0,601,0
21,25.934,0,600.4,0
21,25.89,0,604.3333333,0
21,25.89,0,606,0
20.96333333,25.89,0,602,0
21,25.89,0,596,0
21,25.89,0,596.3333333,0
21,25.89,0,594,0
20.945,25.89,0,596.5,0
20.96333333,25.89,0,596,0
20.9725,25.815,0,597.5,0
21,25.815,0,594.25,0
21,25.815,0,591.5,0
20.978,25.83,0,594.2,0
20.96333333,25.79,0,588.6666667,0
20.92666667,25.79,0,585.3333333,0
20.945,25.79,0,585,0
20.945,25.79,0,582.25,0
20.89,25.79,0,580.75,0
20.9175,25.745,0,585,0
20.89,25.7225,0,584.5,0
20.96333333,25.7,0,583.3333333,0
20.89,25.7,0,584,0
20.912,25.7,0,581.8,0
20.89,25.7,0,576.6666667,0
20.89,25.7,0,579.3333333,0
20.89,25.7,0,581.75,0
20.89,25.7,0,582.75,0
20.89,25.7,0,579.8,0
20.9175,25.7,0,578.5,0
20.89,25.7,0,578.5,0
20.89,25.7,0,580.5,0
20.89,25.7,0,577.8,0
20.89,25.7,0,582.75,0
20.89,25.7,0,584.4,0
20.89,25.6,0,582.6666667,0
20.865,25.575,0,578.25,0
20.89,25.6,0,575.6666667,0
20.89,25.6,0,577.25,0
20.87,25.58,0,577.2,0
20.89,25.6,0,572.75,0
20.89,25.6,0,576.5,0
20.89,25.525,0,579.3333333,0
20.89,25.525,0,571.6,0
20.89,25.5,0,573,0
20.89,25.5,0,573.5,0
20.89,25.5,0,572.75,0
20.89,25.5,0,573.6,0
20.89,25.5,0,571.5,0
20.85666667,25.46333333,0,573.3333333,0
20.89,25.4725,0,570.75,0
20.89,25.39,0,568,0
20.89,25.4175,0,573,0
20.89,25.39,0,569.6666667,0
20.89,25.39,0,575.2,0
20.89,25.39,0,578,0
20.89,25.39,0,572.75,0
20.89,25.39,0,569.6,0
20.85666667,25.35666667,0,566.3333333,0
20.85666667,25.35666667,0,567.3333333,0
20.865,25.365,0,570.25,0
20.89,25.39,0,575,0
20.89,25.37,0,570.2,0
20.89,25.35666667,0,565.3333333,0
20.89,25.29,0,569.25,0
20.89,25.315,0,567.25,0
20.89,25.29,0,567.5,0
20.865,25.2675,0,566,0
20.89,25.29,0,565.75,0
20.89,25.2675,0,564.5,0
20.89,25.218,0,562.6,0
20.89,25.29,0,561.3333333,0
20.89,25.29,0,561,0
20.89,25.29,0,566.75,0
20.9175,25.245,0,563.75,0
20.89,25.2,0,566.75,0
20.89,25.218,0,563.4,0
20.89,25.2,0,564.25,0
20.89,25.2225,0,562.75,0
20.9175,25.2,0,560,0
20.89,25.2,0,558.75,0
20.89,25.2,0,558.5,0
20.89,25.2,0,558.3333333,0
20.89,25.2,0,561.4,0
20.89,25.2,0,558.25,0
20.89,25.2,0,557.2,0
20.89,25.2,0,559.6666667,0
20.89,25.13333333,0,561,0
20.89,25.16,0,563.4,0
20.9175,25.125,0,559.75,0
20.9175,25.1,0,559,0
20.9175,25.1,0,561,0
20.89,25.1,0,563.25,0
20.89,25.1,0,560.75,0
20.89,25.1,0,558,0
20.89,25.08,0,556.8,0
20.89,25.125,0,556,0
20.89,25.1,0,558,0
20.89,25.08,0,556.8,0
20.89,25.06666667,0,557,0
20.89,25,0,556.8,0
20.89,25.025,0,548.5,0
20.89,25.05,0,550,0
20.89,25,0,554,0
20.89,25.025,0,555.25,0
20.89,25,0,555.5,0
20.89,25,0,556.75,0
20.89,25,0,558,0
20.89,25,0,558,0
20.89,25,0,558.25,0
20.89,25,0,556.25,0
20.89,25,0,554.5,0
20.89,25,0,555.25,0
20.89,25,0,558,0
20.89,25,0,554.3333333,0
20.89,25,0,549.75,0
20.89,24.9725,0,558.5,0
20.865,24.92,0,558.25,0
20.89,24.9175,0,558.25,0
20.89,24.9725,0,547.25,0
20.89,24.945,0,553.75,0
20.89,24.89,0,547.75,0
20.89,24.89,0,547.25,0
20.89,24.89,0,551.5,0
20.89,24.89,0,554,0
20.89,24.89,0,550,0
20.89,24.92666667,0,553.6666667,0
20.89,24.934,0,552.4,0
20.89,24.92666667,0,554,0
20.83,24.87,0,547,0
20.89,24.89,0,542.3333333,0
20.84,24.8925,0,544.75,0
20.89,24.945,0,547,0
20.865,24.865,0,552.75,0
20.89,25,0,556,0
20.87,24.934,0,551.6,0
20.84,24.92,0,553,0
20.89,24.9725,0,551.25,0
20.85666667,24.92666667,0,552.6666667,0
20.865,24.9725,0,553.75,0
20.85666667,24.85666667,0,545.6666667,0
20.865,24.9175,0,547.75,0
20.89,24.912,0,548.4,0
20.89,24.92666667,0,549.3333333,0
20.89,25,0,549.3333333,0
20.865,24.8925,0,545.5,0
20.89,24.92666667,0,543,0
20.89,24.978,0,545.6,0
20.85,24.956,0,547.6,0
20.89,25,0,548.6666667,0
20.89,25,0,542.75,0
20.87,24.978,0,537.2,0
20.85666667,24.92666667,0,541.3333333,0
20.865,24.9725,0,545.25,0
20.83,24.934,0,541.25,0
20.82333333,24.92666667,0,535.5,0
20.89,25,0,536.5,0
20.87,24.978,0,543.8,0
20.84,24.92,0,542,0
20.84,24.945,0,537.25,0
20.82333333,24.92666667,0,538,0
20.82333333,24.92666667,0,542,0
20.81,24.912,0,542,0
20.79,24.89,0,545.3333333,0
20.865,24.9725,0,543.25,0
20.85666667,24.93,0,539,0
20.84,24.945,0,540.75,0
20.79,24.9175,0,538,0
20.79,24.89,0,538,0
20.79,24.92666667,0,538.6666667,0
20.81,24.956,0,541.6,0
20.79,24.89,0,537.5,0
20.79,24.978,0,537.2,0
20.79,24.96333333,0,541,0
20.79,25,0,534,0
20.79,25,0,532,0
20.84,25,0,531.75,0
20.79,25,0,532.8,0
20.79,25,0,532,0
20.82333333,24.92666667,0,533.6666667,0
20.79,25,0,531.75,0
20.79,25,0,534.4,0
20.79,25,0,535.6666667,0
20.79,25,0,529.75,0
20.79,25,0,532,0
20.79,25,0,531.3333333,0
20.79,25,0,529.75,0
20.79,25,0,528.75,0
20.79,25,0,528.25,0
20.79,25,0,526,0
20.79,25,0,526.5,0
20.79,24.96333333,0,529.3333333,0
20.815,24.945,0,528.25,0
20.81,24.934,0,526.8,0
20.79,24.9725,0,525.5,0
20.79,24.96333333,0,524.6666667,0
20.79,24.89,0,523,0
20.79,24.89,0,526,0
20.79,24.9725,0,523.25,0
20.79,24.89,0,524.3333333,0
20.79,24.89,0,521.5,0
20.79,24.912,0,518.6,0
20.79,24.89,0,520.75,0
20.79,24.89,0,527.6666667,0
20.79,24.945,0,526,0
20.79,24.956,0,519.6,0
20.79,24.96333333,0,518.3333333,0
20.79,24.9725,0,520.5,0
20.79,24.945,0,521.75,0
20.79,24.89,0,523,0
20.79,24.89,0,520.3333333,0
20.79,24.89,0,519,0
20.79,24.945,0,516.25,0
20.79,25,0,518.6,0
20.79,25,0,519.3333333,0
20.76,25,0,515.3333333,0
20.772,25,0,516.4,0
20.745,25,0,519.5,0
20.7675,25,0,522.25,0
20.7675,25,0,514.75,0
20.7675,25,0,513.75,0
20.79,25,0,515,0
20.79,25,0,519,0
20.772,25,0,518.8,0
20.79,25,0,517.3333333,0
20.73,25.06666667,0,509.75,0
20.718,25.04,0,513.6,0
20.73,25.06666667,0,511,0
20.718,25.1,0,512.4,0
20.7,25.075,0,515.5,0
20.736,25.1,0,511.8,0
20.73,25.1,0,511.6666667,0
20.7,25.05,0,509.75,0
20.73,25.1,0,513,0
20.7,25.1,0,508.5,0
20.7,25.1,0,510,0
20.7,25.1,0,509.6666667,0
20.7,25.1,0,508.5,0
20.7,25.1,0,511.25,0
20.7,25.1,0,513.3333333,0
20.7,25.1,0,509.5,0
20.7,25.1,0,509,0
20.7,25.1,0,509,0
20.7,25.1,0,510.5,0
20.7,25.1,0,512,0
20.7,25.1,0,509,0
20.68,25.12,0,508,0
20.7,25.125,0,502.25,0
20.675,25.1,0,502.5,0
20.7,25.1,0,505.5,0
20.7,25.1,0,505.5,0
20.7,25.1,0,500.25,0
20.68,25.1,0,500,0
20.66666667,25.1,0,499,0
20.7,25.1,0,501.25,0
20.7,25.1,0,501,0
20.7,25.1,0,502,0
20.7,25.1,0,496.25,0
20.7,25.1,0,495.8,0
20.66,25.1,0,497.8,0
20.63333333,25.1,0,497,0
20.625,25.1,0,497.25,0
20.675,25.175,0,503.25,0
20.675,25.125,0,500,0
20.7,25.1,0,494.75,0
20.7,25.1,0,492.3333333,0
20.7,25.1,0,492.75,0
20.7,25.1,0,497,0
20.65,25.075,0,498.5,0
20.7,25.1,0,498.75,0
20.675,25.075,0,498.75,0
20.7,25.1,0,495.3333333,0
20.675,25.075,0,490.75,0
20.7,25.1,0,487.75,0
20.65,25.05,0,491.75,0
20.7,25.1,0,491.25,0
20.7,25.1,0,493.5,0
20.7,25.1,0,493.3333333,0
20.7,25,0,493.25,0
20.7,25,0,491,0
20.7,25,0,492,0
20.7,25,0,496,0
20.7,25,0,493,0
20.7,25,0,491.25,0
20.7,25,0,494,0
20.7,25,0,494.2,0
20.7,25,0,493.75,0
20.7,25,0,495.75,0
20.7,25,0,492.25,0
20.7,25,0,486.5,0
20.7,25,0,493.3333333,0
20.7,25,0,494.75,0
20.7,25,0,490,0
20.7,25,0,490.5,0
20.7,25,0,490.25,0
20.7,25,0,498.25,0
20.7,25,0,499,0
20.7,24.96333333,0,493,0
20.7,24.98166667,0,484.8333333,0
20.7,24.9725,0,480,0
20.7,24.9725,0,478.75,0
20.7,25,0,483.3333333,0
20.7,25,0,480.2,0
20.7,24.89,0,483.3333333,0
20.7,24.89,0,487,0
20.7,24.85,0,485.2,0
20.7,24.89,0,480.6666667,0
20.7,24.84,0,480.25,0
20.7,24.79,0,486,0
20.7,24.865,0,485.75,0
20.7,24.815,0,483,0
20.7,24.87,0,483.6,0
20.7,24.79,0,489.3333333,0
20.7,24.79,0,486.75,0
20.7,24.79,0,483.5,0
20.7,24.79,0,482,0
20.745,24.79,0,481.5,0
20.7,24.79,0,488.25,0
20.7,24.79,0,486.3333333,0
20.7,24.79,0,480.6,0
20.7,24.79,0,485.6666667,0
20.7,24.79,0,484.8,0
20.7,24.79,0,481,0
20.7,24.79,0,486.5,0
20.7,24.79,0,488,0
20.7,24.79,0,481.6666667,0
20.7,24.79,0,481,0
20.7,24.754,0,483,0
20.7,24.7675,0,485,0
20.7,24.76,0,475.6666667,0
20.7,24.7225,0,478.5,0
20.7,24.7,0,482.8,0
20.7,24.7,0,482.3333333,0
20.7,24.675,0,481.5,0
20.7,24.675,0,479.25,0
20.7,24.6,0,478.3333333,0
20.7,24.6,0,477.5,0
20.7,24.6,0,480.25,0
20.7,24.65,0,481.5,0
20.7,24.65,0,481.25,0
20.7,24.66,0,481.75,0
20.7,24.7,0,479,0
20.7,24.65,0,482.75,0
20.7,24.66666667,0,485.6666667,0
20.7,24.63333333,0,484,0
20.7,24.6,0,479.5,0
20.7,24.6,0,479.75,0
20.7,24.6,0,480.75,0
20.7,24.63333333,0,475.3333333,0
20.7,24.7,0,475.6666667,0
20.7,24.6,0,477.25,0
20.7,24.6,0,478.5,0
20.7,24.64,0,479.6,0
20.7,24.6,0,475.6666667,0
20.7,24.6,0,479.3333333,0
20.7,24.6,0,478.5,0
20.7,24.62857143,0,476.8571429,0
20.7,24.63333333,0,477.3333333,0
20.7,24.625,0,475.25,0
20.7,24.6,0,479.6666667,0
20.7,24.6,0,482,0
20.7,24.6,0,475.8,0
20.7,24.6,0,477.3333333,0
20.7,24.6,0,475.25,0
20.7,24.6,0,477.25,0
20.7,24.6,0,478.6666667,0
20.7,24.6,0,476.75,0
20.7,24.6,0,472.5,0
20.7,24.6,0,471.6,0
20.7,24.6,0,474.75,0
20.7,24.6,0,475.6666667,0
20.7,24.6,0,473.2,0
20.7,24.6,0,467,0
20.7,24.6,0,466,0
20.7,24.6,0,465.25,0
20.7,24.6,0,471,0
20.7,24.6,0,471.5,0
20.7,24.6,0,476.5,0
20.7,24.6,0,472.75,0
20.7,24.6,0,470.75,0
20.7,24.575,0,466.75,0
20.7,24.5,0,463.75,0
20.7,24.53333333,0,469,0
20.7,24.575,0,472.25,0
20.7,24.6,0,475.4,0
20.7,24.5,0,474.25,0
20.7,24.5,0,470.25,0
20.7,24.53333333,0,478,0
20.7,24.56,0,469.4,0
20.7,24.53333333,0,468.3333333,0
20.7,24.6,0,469.25,0
20.7,24.6,0,468,0
20.7,24.6,0,473,0
20.7,24.56666667,0,474.3333333,0
20.7,24.5,0,475.75,0
20.7,24.5,0,473.5,0
20.7,24.5,0,474.75,0
20.7,24.5,0,472,0
20.7,24.5,0,468.25,0
20.7,24.5,0,471.5,0
20.7,24.5,0,469,0
20.7,24.5,0,468,0
20.7,24.5,0,471.5,0
20.7,24.5,0,469.6,0
20.7,24.5,0,466.6,0
20.7,24.5,0,462.6666667,0
20.7,24.5,0,461.3333333,0
20.7,24.5,0,463.75,0
20.7,24.5,0,466.25,0
20.7,24.5,0,468.25,0
20.7,24.5,0,470.6,0
20.7,24.5,0,467.6666667,0
20.7,24.5,0,469,0
20.7,24.5,0,464.25,0
20.7,24.5,0,468,0
20.7,24.5,0,468.75,0
20.7,24.5,0,472.3333333,0
20.7,24.5,0,468.6666667,0
20.7,24.5,0,467.6666667,0
20.7,24.5,0,462.3333333,0
20.7,24.5,0,463.5,0
20.7,24.5,0,467.4,0
20.7,24.5,0,465.6666667,0
20.7,24.5,0,465.75,0
20.7,24.5,0,469.75,0
20.7,24.5,0,463.3333333,0
20.62,24.412,0,462.6,0
20.7,24.5,0,468.25,0
20.7,24.5,0,469.25,0
20.675,24.4725,0,469,0
20.66666667,24.46333333,0,471.3333333,0
20.625,24.4175,0,467.75,0
20.7,24.5,0,459,0
20.68,24.478,0,464.6,0
20.66666667,24.46333333,0,467.6666667,0
20.7,24.5,0,473.25,0
20.7,24.5,0,471,0
20.675,24.4725,0,465.75,0
20.7,24.5,0,461.5,0
20.675,24.4725,0,464.5,0
20.7,24.5,0,464.8,0
20.63333333,24.42666667,0,468.3333333,0
20.66666667,24.46333333,0,464.3333333,0
20.6,24.39,0,463.2,0
20.66666667,24.46333333,0,465.3333333,0
20.675,24.4725,0,464.25,0
20.64,24.434,0,460,0
20.7,24.5,0,461,0
20.66666667,24.46333333,0,467,0
20.64,24.434,0,462.2,0
20.6,24.39,0,459.75,0
20.65,24.445,0,455.25,0
20.625,24.4175,0,455.25,0
20.6,24.39,0,461.3333333,0
20.6,24.39,0,465.25,0
20.6,24.39,0,464.75,0
20.6,24.39,0,464.8,0
20.6,24.39,0,463.5,0
20.625,24.4175,0,463.5,0
20.6,24.39,0,465.6666667,0
20.625,24.4175,0,464.5,0
20.62,24.412,0,467.6,0
20.625,24.4175,0,459.5,0
20.625,24.4175,0,457.5,0
20.6,24.39,0,463.3333333,0
20.6,24.39,0,465,0
20.6,24.39,0,468.25,0
20.6,24.39,0,465,0
20.6,24.39,0,464.5,0
20.6,24.34,0,465.5,0
20.6,24.39,0,465.75,0
20.6,24.39,0,469.75,0
20.6,24.39,0,468.2,0
20.6,24.365,0,463.5,0
20.6,24.34,0,461.5,0
20.6,24.39,0,464,0
20.6,24.365,0,464,0
20.61666667,24.32333333,0,466.5,0
20.63333333,24.32333333,0,461,0
20.625,24.315,0,459.25,0
20.66,24.312,0,459.6,0
20.6,24.2,0,460.3333333,0
20.6,24.2,0,458.5,0
20.6,24.2,0,460,0
20.625,24.2925,0,464.5,0
20.62,24.236,0,467.2,0
20.6,24.2,0,456,0
20.6,24.2,0,459.5,0
20.6,24.2,0,460.3333333,0
20.6,24.2,0,462.2,0
20.6,24.2,0,460.5,0
20.6,24.2,0,464.25,0
20.63333333,24.23,0,464.3333333,0
20.6,24.2,0,465.75,0
20.6,24.2,0,463.5,0
20.6,24.2,0,466.2,0
20.6,24.2,0,466.25,0
20.6,24.2,0,466,0
20.6,24.2,0,463.25,0
20.575,24.2,0,466.75,0
20.6,24.2,0,467.6666667,0
20.6,24.2,0,463.5,0
20.6,24.2,0,459.25,0
20.6,24.2,0,463.25,0
20.575,24.2,0,463,0
20.53333333,24.2,0,459.3333333,0
20.55,24.2,0,463,0
20.575,24.2,0,460.75,0
20.56,24.2,0,462.4,0
20.52,24.2,0,464,0
20.53333333,24.2,0,462.6666667,0
20.55,24.2,0,467,0
20.6,24.2,0,468,0
20.6,24.1,0,463.25,0
20.6,24.175,0,462.5,0
20.6,24.1,0,467.75,0
20.66666667,24.16666667,0,467.6666667,0
20.6,24.1,0,466.25,0
20.6,24.1,0,466.5,0
20.6,24.1,0,467.5,0
20.6,24.1,0,464.5,0
20.6,24.1,0,460.5,0
20.6,24.03333333,0,457,0
20.6,24.08,0,459.4,0
20.63333333,24.06666667,0,465,0
20.6,24.05,0,465.75,0
20.625,24.05,0,468.75,0
20.6,24,0,463.5,0
20.6,24.05,0,463.25,0
20.6,24,0,466.3333333,0
20.6,24.02,0,467.8,0
20.575,24.075,0,463.25,0
20.525,24.1,0,468.75,0
20.56666667,24.1,0,465,0
20.525,24.1,0,464.75,0
20.54,24.1,0,466.4,0
20.5,24.1,0,467,0
20.5,24.15,0,466.75,0
20.525,24.1,0,468.75,0
20.5,24.2,0,468.6666667,0
20.5,24.2,0,466.75,0
20.5,24.2,0,462.5,0
20.525,24.1,0,465.5,0
20.54,24.1,0,463.8,0
20.5,24.1,0,467.3333333,0
20.56666667,24.1,0,466.75,0
20.5,24.1,0,466.8,0
20.5,24.1,0,464,0
20.52,24.1,0,461.4,0
20.5,24.1,0,464.6666667,0
20.5,24.1,0,465.5,0
20.5,24.1,0,467.6666667,0
20.5,24.1,0,473.5,0
20.52,24.1,0,469.8,0
20.5,24.1,0,469.6666667,0
20.5,24.1,0,470.6,0
20.5,24.1,0,468,0
20.5,24.1,0,468.5,0
20.5,24.1,0,470,0
20.4725,24.05,0,472.75,0
20.5,24.075,0,466.75,0
20.4725,24.0225,0,466,0
20.42666667,23.96,0,467.3333333,0
20.4725,23.9975,0,468.5,0
20.456,23.956,0,470.8,0
20.5,24,0,472,0
20.478,23.978,0,470,0
20.445,23.945,0,466.6666667,0
20.5,24,0,461.4,0
20.39,23.89,0,462.6666667,0
20.4725,23.89,0,464.75,0
20.5,23.89,0,473.5,0
20.456,23.85,0,472.5,0
20.42666667,23.82333333,0,473,0
20.46333333,23.85666667,0,473,0
20.445,23.82333333,0,469.8333333,0
20.445,23.8175,0,469.25,0
20.4175,23.7475,0,471.75,0
20.42666667,23.76,0,472.6666667,0
20.4175,23.7225,0,471.5,0
20.4725,23.7675,0,471,0
20.39,23.7,0,472,0
20.434,23.736,0,468.8,0
20.42666667,23.73,56.33333333,471.6666667,0
20.39,23.7,311.75,474.75,1
20.4175,23.7225,426,473.5,1
20.4725,23.7675,433,473.75,1
20.48166667,23.89,423.6666667,484.5,1
20.5,23.89,419,492.4,1
20.5,23.89,419,491,1
20.5,23.89,419,487.2,1
20.55,23.945,415.5,493.25,1
20.52,24,409.8,499.6,1
20.525,24,414.6,506.2,1
20.6,24.08333333,413,507.3333333,0
20.6,24.1,414.6,514.6,0
20.6,24.175,407.5,522.25,0
20.6,24.2,406.6,525.6,0
20.6,24.2,399.5,528,0
20.63333333,24.23,398.3333333,537.3333333,1
20.66,24.2,406.2,538.8,1
20.625,24.175,414,538.5,1
20.66,24.216,412.2,535.8,1
20.675,24.34,411,538.75,1
20.7,24.5,408,546.25,1
20.7,24.65,405,554.6666667,1
20.7,24.7,405,565.3333333,1
20.7,24.7675,405,573,1
20.71285714,24.79,405,581.1428571,1
20.7,24.79,405,587.25,1
20.754,24.87,413.4,588.2,1
20.775,24.89,416.6666667,589.5,1
20.772,24.956,419,592,1
20.79,24.978,419,599.8,1
20.79,25,419,605.4,1
20.79,24.9975,419,611.25,1
20.81,25.02,419,616.4,1
20.865,25.075,419,621,1
20.82333333,25.03333333,419,622.6666667,1
20.85666667,25.06666667,419,624,1
20.84,25.05,419,623.75,1
20.87,25.16,433,632.4,1
20.89,25.2,433,639,1
20.87333333,25.275,433,646,1
20.84,25.1975,433,649.5,1
20.89,25.272,433,649.8,1
20.865,25.365,433,656.75,1
20.84,25.34,433,660.75,1
20.87333333,25.37333333,437.6666667,659.3333333,1
20.87,25.37,440.6,671.6,1
20.84,25.34,442.5,673.5,1
20.865,25.365,438,678.25,1
20.89,25.39,441,681,1
20.89,25.35,429,683,1
20.89,25.33,429,689.4,1
20.89,25.34,429,694.25,1
20.912,25.39,435,690.4,1
20.945,25.39,444,697.3333333,1
20.9725,25.39,444,710.25,1
20.956,25.39,444,717.8,0
21,25.39,444,720.75,0
21,25.412,444,721.4,0
21,25.39,444,718,0
21,25.35666667,444,715.5,0
21,25.29,447.2,713,0
21,25.29,456.8,714.8,0
21,25.245,460,714.5,1
21,25.2,454.75,711,1
21,25.2,453,705,1
21,25.2,451.6,711,1
21.025,25.2225,454.75,713.5,1
21.08333333,25.2,453,719.5,1
21.06666667,25.2,458,727.6666667,1
21.11666667,25.2,458,728.6666667,1
21.15,25.2225,459.25,731.25,1
21.2,25.22833333,454,738.5,1
21.2,25.18,454,740.2,1
21.2,25.1,454,735.75,1
21.2,25.14,454,735,1
21.215,25.215,456.5,746.1666667,1
21.2,25.2,465.25,762.75,1
21.2,25.2,469,766.2,1
21.2,25.218,469,763.4,1
21.215,25.29166667,462.3333333,773.8333333,0
21.2,25.29,464,777.75,0
21.2,25.35666667,462.3333333,778,1
21.2,25.37,470.2,778.4,1
21.2225,25.34,475.75,774.75,1
21.236,25.33,471,774,1
21.29,25.4725,480.25,778,1
21.29,25.42666667,487,779,1
21.272,25.412,503.6,780.6,1
21.29,25.575,509.5,786.25,1
21.29,25.6725,527.25,800.75,1
21.34,25.79,524.5,814,1
21.412,25.872,529.8,832,1
21.5,26,534,849.25,1
21.5,26.08,544,860.6,1
21.6,26.15,538,871,1
21.66,26.216,553,879.5,1
21.7,26.2675,542.5,894,1
21.7225,26.2225,547,905.5,1
21.79,26.39,559.2,911.2,1
21.81,26.274,567.8,919.2,1
21.865,26.315,554,923.5,1
21.89,26.315,563,931.75,1
21.89,26.315,564.5,934.75,1
21.945,26.2225,577.5,934.75,1
22,26.12,578.8,939,1
22,26.06666667,581.6666667,936.6666667,1
22.08571429,26.12857143,580,936.4285714,1
22.1,26.1,596,936.5,1
22.1,26.1,594.8,937.6,1
22.14,25.998,603.4,937.8,1
22.2,26,608.25,946,0
22.29,25.96333333,606.6666667,950.3333333,0
22.29,25.89,612,937.3333333,1
22.29,25.85666667,611,943.6666667,1
22.32333333,25.80666667,617,946.1666667,1
22.39,25.7,624.75,944.5,1
22.39,25.68,630.4,944.4,1
22.445,25.65,632.5,948,1
22.5,25.66666667,652,940.3333333,1
22.5,25.6,643.5,944.3333333,1
22.56666667,25.6,648.6666667,942.1666667,1
22.6,25.6,767,948.6666667,1
22.6,25.4725,1419.5,945,1
22.7,25.5,1697.25,951.75,1
22.7,25.456,1209.8,958.6,1
22.7225,25.4175,685.75,956.25,1
22.7675,25.315,684.75,952.25,1
22.79,25.456,679.4,954.6,1
22.82333333,25.39333333,683,961.6666667,1
22.89,25.39,692,961.75,1
22.89,25.39,693.8,953.8,1
22.90833333,25.39,689,956.3333333,1
22.9725,25.39,693.75,970,1
23,25.39,686.5,971.25,1
23.025,25.4175,698.25,986.25,1
23.1,25.5,694.8333333,985,1
23.1,25.5,690,997,1
23.2,25.5,696.8,1003.8,1
23.2,25.5,710,1004.833333,1
23.2,25.5,722,1011.4,1
23.29,25.6,732,1022.5,1
23.29,25.6,735,1029.833333,1
23.31,25.6,719.2,1031,1
23.39,25.6,723.3333333,1040,1
23.365,25.6,729,1040.5,1
23.39,25.6,738,1042,1
23.456,25.66,738,1052.4,1
23.5,25.718,734.4,1062.8,1
23.58,25.736,738,1067.75,1
23.6,25.89,747,1072.25,1
23.64,25.954,745.2,1095.2,1
23.66666667,26.06666667,746.3333333,1109,1
23.7,26.12,737.8,1119,1
23.718,26.1,745,1123.4,1
23.79,26.125,740.5,1122.5,1
23.745,26.2,754,1123,1
23.79,26.31,763,1158.2,1
23.79,26.315,758.25,1160.25,1
23.89,26.39,755.5,1166,1
23.89,26.365,758.25,1164.75,1
23.89,26.29,772.75,1163.25,1
23.98428571,26.37571429,767,1172.714286,1
24,26.365,774.5,1182,1
24.05,26.34,774.5,1182,1
24.08,26.37,769.8,1187.6,1
24.1,26.56666667,758.3333333,1191.333333,1
24.1,26.4725,775.75,1213.75,1
24.1,26.154,775,1194,1
24.1,25.958,783.4,1173.4,1
24.1,25.918,789.6,1160.2,1
24.1,25.8925,797.5,1156.25,1
24.1,25.832,799,1139,1
24.175,25.84,782.5,1140.5,1
24.2,25.89166667,786.1666667,1145.333333,1
24.2,25.89,794.25,1149.25,1
24.2,25.89,797.5,1152.5,1
24.2,25.89,787,1153.25,1
24.218,25.912,805,1152.4,1
24.26,25.89166667,798,1146.166667,1
24.29,25.978,793,1145.4,1
24.29,25.852,801.4,1140.8,1
24.29,25.7,808,1150.25,1
24.33,25.736,809.8,1129.2,1
24.33,25.7,817,1125.8,1
24.35666667,25.7,813,1123,1
24.40833333,25.68166667,798,1124,1